time,load
0.1,0.194
0.2,0.194
0.3,0.194
0.4,0.194
0.5,0.194
0.6,0.117
0.7,0.117
0.8,0.117
0.9,0.117
1,0.117
1.1,-0.012
1.2,-0.012
1.3,-0.012
1.4,-0.012
1.5,-0.012
1.6,0.04
1.7,0.04
1.8,0.04
1.9,0.04
2,0.04
2.1,0.04
2.2,0.04
2.3,0.04
2.4,0.04
2.5,0.04
2.6,0.117
2.7,0.117
2.8,0.117
2.9,0.117
3,0.117
3.1,0.04
3.2,0.04
3.3,0.04
3.4,0.04
3.5,0.04
3.6,0.143
3.7,0.143
3.8,0.143
3.9,0.143
4,0.143
4.1,0.091
4.2,0.091
4.3,0.091
4.4,0.091
4.5,0.091
4.6,0.04
4.7,0.04
4.8,0.04
4.9,0.04
5,0.04
5.1,0.014
5.2,0.014
5.3,0.014
5.4,0.014
5.5,0.014
5.6,2.873
5.7,2.873
5.8,2.873
5.9,2.873
6,2.873
6.1,2.924
6.2,2.924
6.3,2.924
6.4,2.924
6.5,2.924
6.6,2.924
6.7,2.924
6.8,2.924
6.9,2.924
7,2.924
7.1,2.924
7.2,2.924
7.3,2.924
7.4,2.924
7.5,2.924
7.6,2.898
7.7,2.898
7.8,2.898
7.9,2.898
8,2.898
8.1,2.744
8.2,2.744
8.3,2.744
8.4,2.744
8.5,2.744
8.6,2.873
8.7,2.873
8.8,2.873
8.9,2.873
9,2.873
9.1,2.847
9.2,2.847
9.3,2.847
9.4,2.847
9.5,2.847
9.6,2.847
9.7,2.847
9.8,2.847
9.9,2.847
10,2.847
10.1,2.924
10.2,2.924
10.3,2.924
10.4,2.924
10.5,2.924
10.6,4.598
10.7,4.598
10.8,4.598
10.9,4.598
11,4.598
11.1,4.598
11.2,4.598
11.3,4.598
11.4,4.598
11.5,4.598
11.6,4.547
11.7,4.547
11.8,4.547
11.9,4.547
12,4.547
12.1,4.778
12.2,4.778
12.3,4.778
12.4,4.778
12.5,4.778
12.6,4.624
12.7,4.624
12.8,4.624
12.9,4.624
13,4.624
13.1,4.65
13.2,4.65
13.3,4.65
13.4,4.65
13.5,4.65
13.6,4.598
13.7,4.598
13.8,4.598
13.9,4.598
14,4.598
14.1,4.521
14.2,4.521
14.3,4.521
14.4,4.521
14.5,4.521
14.6,4.778
14.7,4.778
14.8,4.778
14.9,4.778
15,4.778
15.1,4.469
15.2,4.469
15.3,4.469
15.4,4.469
15.5,4.469
15.6,4.598
15.7,4.598
15.8,4.598
15.9,4.598
16,4.598
16.1,4.727
16.2,4.727
16.3,4.727
16.4,4.727
16.5,4.727
16.6,4.856
16.7,4.856
16.8,4.856
16.9,4.856
17,4.856
17.1,4.598
17.2,4.598
17.3,4.598
17.4,4.598
17.5,4.598
17.6,4.341
17.7,4.341
17.8,4.341
17.9,4.341
18,4.341
18.1,4.598
18.2,4.598
18.3,4.598
18.4,4.598
18.5,4.598
18.6,4.727
18.7,4.727
18.8,4.727
18.9,4.727
19,4.727
19.1,4.65
19.2,4.65
19.3,4.65
19.4,4.65
19.5,4.65
19.6,4.624
19.7,4.624
19.8,4.624
19.9,4.624
20,4.624
20.1,4.675
20.2,4.675
20.3,4.675
20.4,4.675
20.5,4.675
20.6,4.727
20.7,4.727
20.8,4.727
20.9,4.727
21,4.727
21.1,4.572
21.2,4.572
21.3,4.572
21.4,4.572
21.5,4.572
21.6,4.701
21.7,4.701
21.8,4.701
21.9,4.701
22,4.701
22.1,4.521
22.2,4.521
22.3,4.521
22.4,4.521
22.5,4.521
22.6,4.727
22.7,4.727
22.8,4.727
22.9,4.727
23,4.727
23.1,4.469
23.2,4.469
23.3,4.469
23.4,4.469
23.5,4.469
23.6,4.624
23.7,4.624
23.8,4.624
23.9,4.624
24,4.624
24.1,4.65
24.2,4.65
24.3,4.65
24.4,4.65
24.5,4.65
24.6,4.495
24.7,4.495
24.8,4.495
24.9,4.495
25,4.495
25.1,4.598
25.2,4.598
25.3,4.598
25.4,4.598
25.5,4.598
25.6,6.658
25.7,6.658
25.8,6.658
25.9,6.658
26,6.658
26.1,6.555
26.2,6.555
26.3,6.555
26.4,6.555
26.5,6.555
26.6,6.787
26.7,6.787
26.8,6.787
26.9,6.787
27,6.787
27.1,6.658
27.2,6.658
27.3,6.658
27.4,6.658
27.5,6.658
27.6,6.736
27.7,6.736
27.8,6.736
27.9,6.736
28,6.736
28.1,6.684
28.2,6.684
28.3,6.684
28.4,6.684
28.5,6.684
28.6,6.555
28.7,6.555
28.8,6.555
28.9,6.555
29,6.555
29.1,6.581
29.2,6.581
29.3,6.581
29.4,6.581
29.5,6.581
29.6,6.633
29.7,6.633
29.8,6.633
29.9,6.633
30,6.633
30.1,6.71
30.2,6.71
30.3,6.71
30.4,6.71
30.5,6.71
30.6,6.581
30.7,6.581
30.8,6.581
30.9,6.581
31,6.581
31.1,6.761
31.2,6.761
31.3,6.761
31.4,6.761
31.5,6.761
31.6,6.736
31.7,6.736
31.8,6.736
31.9,6.736
32,6.736
32.1,6.684
32.2,6.684
32.3,6.684
32.4,6.684
32.5,6.684
32.6,6.658
32.7,6.658
32.8,6.658
32.9,6.658
33,6.658
33.1,6.607
33.2,6.607
33.3,6.607
33.4,6.607
33.5,6.607
33.6,6.504
33.7,6.504
33.8,6.504
33.9,6.504
34,6.504
34.1,6.787
34.2,6.787
34.3,6.787
34.4,6.787
34.5,6.787
34.6,6.581
34.7,6.581
34.8,6.581
34.9,6.581
35,6.581
35.1,6.555
35.2,6.555
35.3,6.555
35.4,6.555
35.5,6.555
35.6,5.499
35.7,5.499
35.8,5.499
35.9,5.499
36,5.499
36.1,5.654
36.2,5.654
36.3,5.654
36.4,5.654
36.5,5.654
36.6,5.628
36.7,5.628
36.8,5.628
36.9,5.628
37,5.628
37.1,5.783
37.2,5.783
37.3,5.783
37.4,5.783
37.5,5.783
37.6,5.628
37.7,5.628
37.8,5.628
37.9,5.628
38,5.628
38.1,5.628
38.2,5.628
38.3,5.628
38.4,5.628
38.5,5.628
38.6,5.783
38.7,5.783
38.8,5.783
38.9,5.783
39,5.783
39.1,5.68
39.2,5.68
39.3,5.68
39.4,5.68
39.5,5.68
39.6,5.603
39.7,5.603
39.8,5.603
39.9,5.603
40,5.603
40.1,5.757
40.2,5.757
40.3,5.757
40.4,5.757
40.5,5.757
40.6,5.68
40.7,5.68
40.8,5.68
40.9,5.68
41,5.68
41.1,5.551
41.2,5.551
41.3,5.551
41.4,5.551
41.5,5.551
41.6,5.731
41.7,5.731
41.8,5.731
41.9,5.731
42,5.731
42.1,5.809
42.2,5.809
42.3,5.809
42.4,5.809
42.5,5.809
42.6,5.886
42.7,5.886
42.8,5.886
42.9,5.886
43,5.886
43.1,5.783
43.2,5.783
43.3,5.783
43.4,5.783
43.5,5.783
43.6,5.706
43.7,5.706
43.8,5.706
43.9,5.706
44,5.706
44.1,5.603
44.2,5.603
44.3,5.603
44.4,5.603
44.5,5.603
44.6,5.577
44.7,5.577
44.8,5.577
44.9,5.577
45,5.577
45.1,5.809
45.2,5.809
45.3,5.809
45.4,5.809
45.5,5.809
45.6,5.68
45.7,5.68
45.8,5.68
45.9,5.68
46,5.68
46.1,5.551
46.2,5.551
46.3,5.551
46.4,5.551
46.5,5.551
46.6,5.396
46.7,5.396
46.8,5.396
46.9,5.396
47,5.396
47.1,5.68
47.2,5.68
47.3,5.68
47.4,5.68
47.5,5.68
47.6,5.551
47.7,5.551
47.8,5.551
47.9,5.551
48,5.551
48.1,5.809
48.2,5.809
48.3,5.809
48.4,5.809
48.5,5.809
48.6,5.551
48.7,5.551
48.8,5.551
48.9,5.551
49,5.551
49.1,8.384
49.2,8.384
49.3,8.384
49.4,8.384
49.5,8.384
49.6,8.435
49.7,8.435
49.8,8.435
49.9,8.435
50,8.435
50.1,8.487
50.2,8.487
50.3,8.487
50.4,8.487
50.5,8.487
50.6,8.513
50.7,8.513
50.8,8.513
50.9,8.513
51,8.513
51.1,8.59
51.2,8.59
51.3,8.59
51.4,8.59
51.5,8.59
51.6,8.461
51.7,8.461
51.8,8.461
51.9,8.461
52,8.461
52.1,8.538
52.2,8.538
52.3,8.538
52.4,8.538
52.5,8.538
52.6,8.513
52.7,8.513
52.8,8.513
52.9,8.513
53,8.513
53.1,8.332
53.2,8.332
53.3,8.332
53.4,8.332
53.5,8.332
53.6,8.641
53.7,8.641
53.8,8.641
53.9,8.641
54,8.641
54.1,3.542
54.2,3.542
54.3,3.542
54.4,3.542
54.5,3.542
54.6,3.542
54.7,3.542
54.8,3.542
54.9,3.542
55,3.542
55.1,3.774
55.2,3.774
55.3,3.774
55.4,3.774
55.5,3.774
55.6,3.516
55.7,3.516
55.8,3.516
55.9,3.516
56,3.516
56.1,3.826
56.2,3.826
56.3,3.826
56.4,3.826
56.5,3.826
56.6,3.697
56.7,3.697
56.8,3.697
56.9,3.697
57,3.697
57.1,3.516
57.2,3.516
57.3,3.516
57.4,3.516
57.5,3.516
57.6,3.671
57.7,3.671
57.8,3.671
57.9,3.671
58,3.671
58.1,3.619
58.2,3.619
58.3,3.619
58.4,3.619
58.5,3.619
58.6,3.568
58.7,3.568
58.8,3.568
58.9,3.568
59,3.568
59.1,3.594
59.2,3.594
59.3,3.594
59.4,3.594
59.5,3.594
59.6,3.645
59.7,3.645
59.8,3.645
59.9,3.645
60,3.645
60.1,3.542
60.2,3.542
60.3,3.542
60.4,3.542
60.5,3.542
60.6,3.542
60.7,3.542
60.8,3.542
60.9,3.542
61,3.542
61.1,3.774
61.2,3.774
61.3,3.774
61.4,3.774
61.5,3.774
61.6,3.594
61.7,3.594
61.8,3.594
61.9,3.594
62,3.594
62.1,3.722
62.2,3.722
62.3,3.722
62.4,3.722
62.5,3.722
62.6,3.8
62.7,3.8
62.8,3.8
62.9,3.8
63,3.8
63.1,3.697
63.2,3.697
63.3,3.697
63.4,3.697
63.5,3.697
63.6,3.722
63.7,3.722
63.8,3.722
63.9,3.722
64,3.722
64.1,3.671
64.2,3.671
64.3,3.671
64.4,3.671
64.5,3.671
64.6,3.697
64.7,3.697
64.8,3.697
64.9,3.697
65,3.697
65.1,3.671
65.2,3.671
65.3,3.671
65.4,3.671
65.5,3.671
65.6,3.619
65.7,3.619
65.8,3.619
65.9,3.619
66,3.619
66.1,3.542
66.2,3.542
66.3,3.542
66.4,3.542
66.5,3.542
66.6,3.697
66.7,3.697
66.8,3.697
66.9,3.697
67,3.697
67.1,3.594
67.2,3.594
67.3,3.594
67.4,3.594
67.5,3.594
67.6,3.671
67.7,3.671
67.8,3.671
67.9,3.671
68,3.671
68.1,3.645
68.2,3.645
68.3,3.645
68.4,3.645
68.5,3.645
68.6,3.619
68.7,3.619
68.8,3.619
68.9,3.619
69,3.619
69.1,3.748
69.2,3.748
69.3,3.748
69.4,3.748
69.5,3.748
69.6,3.645
69.7,3.645
69.8,3.645
69.9,3.645
70,3.645
70.1,3.568
70.2,3.568
70.3,3.568
70.4,3.568
70.5,3.568
70.6,3.8
70.7,3.8
70.8,3.8
70.9,3.8
71,3.8
71.1,3.568
71.2,3.568
71.3,3.568
71.4,3.568
71.5,3.568
71.6,3.619
71.7,3.619
71.8,3.619
71.9,3.619
72,3.619
72.1,3.722
72.2,3.722
72.3,3.722
72.4,3.722
72.5,3.722
72.6,3.671
72.7,3.671
72.8,3.671
72.9,3.671
73,3.671
73.1,3.8
73.2,3.8
73.3,3.8
73.4,3.8
73.5,3.8
73.6,3.671
73.7,3.671
73.8,3.671
73.9,3.671
74,3.671
74.1,3.748
74.2,3.748
74.3,3.748
74.4,3.748
74.5,3.748
74.6,3.748
74.7,3.748
74.8,3.748
74.9,3.748
75,3.748
75.1,3.491
75.2,3.491
75.3,3.491
75.4,3.491
75.5,3.491
75.6,3.748
75.7,3.748
75.8,3.748
75.9,3.748
76,3.748
76.1,3.594
76.2,3.594
76.3,3.594
76.4,3.594
76.5,3.594
76.6,3.697
76.7,3.697
76.8,3.697
76.9,3.697
77,3.697
77.1,3.568
77.2,3.568
77.3,3.568
77.4,3.568
77.5,3.568
77.6,3.491
77.7,3.491
77.8,3.491
77.9,3.491
78,3.491
78.1,3.722
78.2,3.722
78.3,3.722
78.4,3.722
78.5,3.722
78.6,3.671
78.7,3.671
78.8,3.671
78.9,3.671
79,3.671
79.1,10.393
79.2,10.393
79.3,10.393
79.4,10.393
79.5,10.393
79.6,10.444
79.7,10.444
79.8,10.444
79.9,10.444
80,10.444
80.1,10.418
80.2,10.418
80.3,10.418
80.4,10.418
80.5,10.418
80.6,10.444
80.7,10.444
80.8,10.444
80.9,10.444
81,10.444
81.1,10.264
81.2,10.264
81.3,10.264
81.4,10.264
81.5,10.264
81.6,10.367
81.7,10.367
81.8,10.367
81.9,10.367
82,10.367
82.1,10.496
82.2,10.496
82.3,10.496
82.4,10.496
82.5,10.496
82.6,10.444
82.7,10.444
82.8,10.444
82.9,10.444
83,10.444
83.1,10.238
83.2,10.238
83.3,10.238
83.4,10.238
83.5,10.238
83.6,10.444
83.7,10.444
83.8,10.444
83.9,10.444
84,10.444
84.1,4.675
84.2,4.675
84.3,4.675
84.4,4.675
84.5,4.675
84.6,4.727
84.7,4.727
84.8,4.727
84.9,4.727
85,4.727
85.1,4.856
85.2,4.856
85.3,4.856
85.4,4.856
85.5,4.856
85.6,4.856
85.7,4.856
85.8,4.856
85.9,4.856
86,4.856
86.1,4.701
86.2,4.701
86.3,4.701
86.4,4.701
86.5,4.701
86.6,4.624
86.7,4.624
86.8,4.624
86.9,4.624
87,4.624
87.1,4.65
87.2,4.65
87.3,4.65
87.4,4.65
87.5,4.65
87.6,4.907
87.7,4.907
87.8,4.907
87.9,4.907
88,4.907
88.1,4.572
88.2,4.572
88.3,4.572
88.4,4.572
88.5,4.572
88.6,4.572
88.7,4.572
88.8,4.572
88.9,4.572
89,4.572
89.1,4.804
89.2,4.804
89.3,4.804
89.4,4.804
89.5,4.804
89.6,4.753
89.7,4.753
89.8,4.753
89.9,4.753
90,4.753
90.1,4.701
90.2,4.701
90.3,4.701
90.4,4.701
90.5,4.701
90.6,4.598
90.7,4.598
90.8,4.598
90.9,4.598
91,4.598
91.1,4.753
91.2,4.753
91.3,4.753
91.4,4.753
91.5,4.753
91.6,4.366
91.7,4.366
91.8,4.366
91.9,4.366
92,4.366
92.1,4.521
92.2,4.521
92.3,4.521
92.4,4.521
92.5,4.521
92.6,4.444
92.7,4.444
92.8,4.444
92.9,4.444
93,4.444
93.1,4.675
93.2,4.675
93.3,4.675
93.4,4.675
93.5,4.675
93.6,4.675
93.7,4.675
93.8,4.675
93.9,4.675
94,4.675
94.1,4.572
94.2,4.572
94.3,4.572
94.4,4.572
94.5,4.572
94.6,4.701
94.7,4.701
94.8,4.701
94.9,4.701
95,4.701
95.1,4.727
95.2,4.727
95.3,4.727
95.4,4.727
95.5,4.727
95.6,4.572
95.7,4.572
95.8,4.572
95.9,4.572
96,4.572
96.1,4.675
96.2,4.675
96.3,4.675
96.4,4.675
96.5,4.675
96.6,4.675
96.7,4.675
96.8,4.675
96.9,4.675
97,4.675
97.1,4.65
97.2,4.65
97.3,4.65
97.4,4.65
97.5,4.65
97.6,4.701
97.7,4.701
97.8,4.701
97.9,4.701
98,4.701
98.1,4.701
98.2,4.701
98.3,4.701
98.4,4.701
98.5,4.701
98.6,4.547
98.7,4.547
98.8,4.547
98.9,4.547
99,4.547
99.1,4.727
99.2,4.727
99.3,4.727
99.4,4.727
99.5,4.727
99.6,4.572
99.7,4.572
99.8,4.572
99.9,4.572
100,4.572
100.1,4.701
100.2,4.701
100.3,4.701
100.4,4.701
100.5,4.701
100.6,4.804
100.7,4.804
100.8,4.804
100.9,4.804
101,4.804
101.1,4.65
101.2,4.65
101.3,4.65
101.4,4.65
101.5,4.65
101.6,4.65
101.7,4.65
101.8,4.65
101.9,4.65
102,4.65
102.1,4.598
102.2,4.598
102.3,4.598
102.4,4.598
102.5,4.598
102.6,4.675
102.7,4.675
102.8,4.675
102.9,4.675
103,4.675
103.1,4.65
103.2,4.65
103.3,4.65
103.4,4.65
103.5,4.65
103.6,4.624
103.7,4.624
103.8,4.624
103.9,4.624
104,4.624
104.1,6.53
104.2,6.53
104.3,6.53
104.4,6.53
104.5,6.53
104.6,6.427
104.7,6.427
104.8,6.427
104.9,6.427
105,6.427
105.1,6.401
105.2,6.401
105.3,6.401
105.4,6.401
105.5,6.401
105.6,6.427
105.7,6.427
105.8,6.427
105.9,6.427
106,6.427
106.1,6.375
106.2,6.375
106.3,6.375
106.4,6.375
106.5,6.375
106.6,6.581
106.7,6.581
106.8,6.581
106.9,6.581
107,6.581
107.1,6.633
107.2,6.633
107.3,6.633
107.4,6.633
107.5,6.633
107.6,6.581
107.7,6.581
107.8,6.581
107.9,6.581
108,6.581
108.1,6.684
108.2,6.684
108.3,6.684
108.4,6.684
108.5,6.684
108.6,6.504
108.7,6.504
108.8,6.504
108.9,6.504
109,6.504
109.1,6.633
109.2,6.633
109.3,6.633
109.4,6.633
109.5,6.633
109.6,6.684
109.7,6.684
109.8,6.684
109.9,6.684
110,6.684
110.1,6.71
110.2,6.71
110.3,6.71
110.4,6.71
110.5,6.71
110.6,6.427
110.7,6.427
110.8,6.427
110.9,6.427
111,6.427
111.1,6.684
111.2,6.684
111.3,6.684
111.4,6.684
111.5,6.684
111.6,6.504
111.7,6.504
111.8,6.504
111.9,6.504
112,6.504
112.1,6.452
112.2,6.452
112.3,6.452
112.4,6.452
112.5,6.452
112.6,6.581
112.7,6.581
112.8,6.581
112.9,6.581
113,6.581
113.1,6.401
113.2,6.401
113.3,6.401
113.4,6.401
113.5,6.401
113.6,6.555
113.7,6.555
113.8,6.555
113.9,6.555
114,6.555
114.1,6.581
114.2,6.581
114.3,6.581
114.4,6.581
114.5,6.581
114.6,6.504
114.7,6.504
114.8,6.504
114.9,6.504
115,6.504
115.1,6.478
115.2,6.478
115.3,6.478
115.4,6.478
115.5,6.478
115.6,6.504
115.7,6.504
115.8,6.504
115.9,6.504
116,6.504
116.1,6.684
116.2,6.684
116.3,6.684
116.4,6.684
116.5,6.684
116.6,6.478
116.7,6.478
116.8,6.478
116.9,6.478
117,6.478
117.1,6.555
117.2,6.555
117.3,6.555
117.4,6.555
117.5,6.555
117.6,6.581
117.7,6.581
117.8,6.581
117.9,6.581
118,6.581
118.1,6.478
118.2,6.478
118.3,6.478
118.4,6.478
118.5,6.478
118.6,2.873
118.7,2.873
118.8,2.873
118.9,2.873
119,2.873
119.1,2.976
119.2,2.976
119.3,2.976
119.4,2.976
119.5,2.976
119.6,2.873
119.7,2.873
119.8,2.873
119.9,2.873
120,2.873
120.1,2.873
120.2,2.873
120.3,2.873
120.4,2.873
120.5,2.873
120.6,3.13
120.7,3.13
120.8,3.13
120.9,3.13
121,3.13
121.1,2.898
121.2,2.898
121.3,2.898
121.4,2.898
121.5,2.898
121.6,2.976
121.7,2.976
121.8,2.976
121.9,2.976
122,2.976
122.1,3.001
122.2,3.001
122.3,3.001
122.4,3.001
122.5,3.001
122.6,2.847
122.7,2.847
122.8,2.847
122.9,2.847
123,2.847
123.1,3.001
123.2,3.001
123.3,3.001
123.4,3.001
123.5,3.001
123.6,2.95
123.7,2.95
123.8,2.95
123.9,2.95
124,2.95
124.1,3.079
124.2,3.079
124.3,3.079
124.4,3.079
124.5,3.079
124.6,2.924
124.7,2.924
124.8,2.924
124.9,2.924
125,2.924
125.1,2.898
125.2,2.898
125.3,2.898
125.4,2.898
125.5,2.898
125.6,3.053
125.7,3.053
125.8,3.053
125.9,3.053
126,3.053
126.1,3.053
126.2,3.053
126.3,3.053
126.4,3.053
126.5,3.053
126.6,2.924
126.7,2.924
126.8,2.924
126.9,2.924
127,2.924
127.1,2.976
127.2,2.976
127.3,2.976
127.4,2.976
127.5,2.976
127.6,2.821
127.7,2.821
127.8,2.821
127.9,2.821
128,2.821
128.1,3.027
128.2,3.027
128.3,3.027
128.4,3.027
128.5,3.027
128.6,3.001
128.7,3.001
128.8,3.001
128.9,3.001
129,3.001
129.1,2.95
129.2,2.95
129.3,2.95
129.4,2.95
129.5,2.95
129.6,2.873
129.7,2.873
129.8,2.873
129.9,2.873
130,2.873
130.1,3.053
130.2,3.053
130.3,3.053
130.4,3.053
130.5,3.053
130.6,2.795
130.7,2.795
130.8,2.795
130.9,2.795
131,2.795
131.1,2.873
131.2,2.873
131.3,2.873
131.4,2.873
131.5,2.873
131.6,2.847
131.7,2.847
131.8,2.847
131.9,2.847
132,2.847
132.1,2.898
132.2,2.898
132.3,2.898
132.4,2.898
132.5,2.898
132.6,2.924
132.7,2.924
132.8,2.924
132.9,2.924
133,2.924
133.1,3.104
133.2,3.104
133.3,3.104
133.4,3.104
133.5,3.104
133.6,3.001
133.7,3.001
133.8,3.001
133.9,3.001
134,3.001
134.1,2.873
134.2,2.873
134.3,2.873
134.4,2.873
134.5,2.873
134.6,3.079
134.7,3.079
134.8,3.079
134.9,3.079
135,3.079
135.1,2.95
135.2,2.95
135.3,2.95
135.4,2.95
135.5,2.95
135.6,2.744
135.7,2.744
135.8,2.744
135.9,2.744
136,2.744
136.1,2.976
136.2,2.976
136.3,2.976
136.4,2.976
136.5,2.976
136.6,3.027
136.7,3.027
136.8,3.027
136.9,3.027
137,3.027
137.1,2.821
137.2,2.821
137.3,2.821
137.4,2.821
137.5,2.821
137.6,2.821
137.7,2.821
137.8,2.821
137.9,2.821
138,2.821
138.1,2.795
138.2,2.795
138.3,2.795
138.4,2.795
138.5,2.795
138.6,3.001
138.7,3.001
138.8,3.001
138.9,3.001
139,3.001
139.1,2.976
139.2,2.976
139.3,2.976
139.4,2.976
139.5,2.976
139.6,2.976
139.7,2.976
139.8,2.976
139.9,2.976
140,2.976
140.1,2.924
140.2,2.924
140.3,2.924
140.4,2.924
140.5,2.924
140.6,2.924
140.7,2.924
140.8,2.924
140.9,2.924
141,2.924
141.1,3.053
141.2,3.053
141.3,3.053
141.4,3.053
141.5,3.053
141.6,3.182
141.7,3.182
141.8,3.182
141.9,3.182
142,3.182
142.1,2.898
142.2,2.898
142.3,2.898
142.4,2.898
142.5,2.898
142.6,3.001
142.7,3.001
142.8,3.001
142.9,3.001
143,3.001
143.1,2.898
143.2,2.898
143.3,2.898
143.4,2.898
143.5,2.898
143.6,2.924
143.7,2.924
143.8,2.924
143.9,2.924
144,2.924
144.1,3.053
144.2,3.053
144.3,3.053
144.4,3.053
144.5,3.053
144.6,3.001
144.7,3.001
144.8,3.001
144.9,3.001
145,3.001
145.1,3.001
145.2,3.001
145.3,3.001
145.4,3.001
145.5,3.001
145.6,2.95
145.7,2.95
145.8,2.95
145.9,2.95
146,2.95
146.1,3.053
146.2,3.053
146.3,3.053
146.4,3.053
146.5,3.053
146.6,4.289
146.7,4.289
146.8,4.289
146.9,4.289
147,4.289
147.1,4.057
147.2,4.057
147.3,4.057
147.4,4.057
147.5,4.057
147.6,4.16
147.7,4.16
147.8,4.16
147.9,4.16
148,4.16
148.1,4.135
148.2,4.135
148.3,4.135
148.4,4.135
148.5,4.135
148.6,4.263
148.7,4.263
148.8,4.263
148.9,4.263
149,4.263
149.1,4.186
149.2,4.186
149.3,4.186
149.4,4.186
149.5,4.186
149.6,4.289
149.7,4.289
149.8,4.289
149.9,4.289
150,4.289
150.1,4.109
150.2,4.109
150.3,4.109
150.4,4.109
150.5,4.109
150.6,4.16
150.7,4.16
150.8,4.16
150.9,4.16
151,4.16
151.1,4.16
151.2,4.16
151.3,4.16
151.4,4.16
151.5,4.16
151.6,4.366
151.7,4.366
151.8,4.366
151.9,4.366
152,4.366
152.1,4.135
152.2,4.135
152.3,4.135
152.4,4.135
152.5,4.135
152.6,4.16
152.7,4.16
152.8,4.16
152.9,4.16
153,4.16
153.1,4.263
153.2,4.263
153.3,4.263
153.4,4.263
153.5,4.263
153.6,4.16
153.7,4.16
153.8,4.16
153.9,4.16
154,4.16
154.1,4.469
154.2,4.469
154.3,4.469
154.4,4.469
154.5,4.469
154.6,4.392
154.7,4.392
154.8,4.392
154.9,4.392
155,4.392
155.1,4.469
155.2,4.469
155.3,4.469
155.4,4.469
155.5,4.469
155.6,4.418
155.7,4.418
155.8,4.418
155.9,4.418
156,4.418
156.1,4.238
156.2,4.238
156.3,4.238
156.4,4.238
156.5,4.238
156.6,4.366
156.7,4.366
156.8,4.366
156.9,4.366
157,4.366
157.1,4.418
157.2,4.418
157.3,4.418
157.4,4.418
157.5,4.418
157.6,4.238
157.7,4.238
157.8,4.238
157.9,4.238
158,4.238
158.1,4.238
158.2,4.238
158.3,4.238
158.4,4.238
158.5,4.238
158.6,4.341
158.7,4.341
158.8,4.341
158.9,4.341
159,4.341
159.1,4.16
159.2,4.16
159.3,4.16
159.4,4.16
159.5,4.16
159.6,4.315
159.7,4.315
159.8,4.315
159.9,4.315
160,4.315
160.1,4.238
160.2,4.238
160.3,4.238
160.4,4.238
160.5,4.238
160.6,4.109
160.7,4.109
160.8,4.109
160.9,4.109
161,4.109
161.1,4.263
161.2,4.263
161.3,4.263
161.4,4.263
161.5,4.263
161.6,4.238
161.7,4.238
161.8,4.238
161.9,4.238
162,4.238
162.1,4.366
162.2,4.366
162.3,4.366
162.4,4.366
162.5,4.366
162.6,4.289
162.7,4.289
162.8,4.289
162.9,4.289
163,4.289
163.1,4.289
163.2,4.289
163.3,4.289
163.4,4.289
163.5,4.289
163.6,4.212
163.7,4.212
163.8,4.212
163.9,4.212
164,4.212
164.1,4.16
164.2,4.16
164.3,4.16
164.4,4.16
164.5,4.16
164.6,4.083
164.7,4.083
164.8,4.083
164.9,4.083
165,4.083
165.1,4.238
165.2,4.238
165.3,4.238
165.4,4.238
165.5,4.238
165.6,4.186
165.7,4.186
165.8,4.186
165.9,4.186
166,4.186
166.1,4.469
166.2,4.469
166.3,4.469
166.4,4.469
166.5,4.469
166.6,4.341
166.7,4.341
166.8,4.341
166.9,4.341
167,4.341
167.1,4.289
167.2,4.289
167.3,4.289
167.4,4.289
167.5,4.289
167.6,4.135
167.7,4.135
167.8,4.135
167.9,4.135
168,4.135
168.1,4.238
168.2,4.238
168.3,4.238
168.4,4.238
168.5,4.238
168.6,4.238
168.7,4.238
168.8,4.238
168.9,4.238
169,4.238
169.1,4.263
169.2,4.263
169.3,4.263
169.4,4.263
169.5,4.263
169.6,4.366
169.7,4.366
169.8,4.366
169.9,4.366
170,4.366
170.1,4.263
170.2,4.263
170.3,4.263
170.4,4.263
170.5,4.263
170.6,4.212
170.7,4.212
170.8,4.212
170.9,4.212
171,4.212
171.1,4.263
171.2,4.263
171.3,4.263
171.4,4.263
171.5,4.263
171.6,3.027
171.7,3.027
171.8,3.027
171.9,3.027
172,3.027
172.1,2.847
172.2,2.847
172.3,2.847
172.4,2.847
172.5,2.847
172.6,2.898
172.7,2.898
172.8,2.898
172.9,2.898
173,2.898
173.1,2.976
173.2,2.976
173.3,2.976
173.4,2.976
173.5,2.976
173.6,3.156
173.7,3.156
173.8,3.156
173.9,3.156
174,3.156
174.1,3.156
174.2,3.156
174.3,3.156
174.4,3.156
174.5,3.156
174.6,2.976
174.7,2.976
174.8,2.976
174.9,2.976
175,2.976
175.1,3.001
175.2,3.001
175.3,3.001
175.4,3.001
175.5,3.001
175.6,3.001
175.7,3.001
175.8,3.001
175.9,3.001
176,3.001
176.1,3.156
176.2,3.156
176.3,3.156
176.4,3.156
176.5,3.156
176.6,3.001
176.7,3.001
176.8,3.001
176.9,3.001
177,3.001
177.1,3.027
177.2,3.027
177.3,3.027
177.4,3.027
177.5,3.027
177.6,2.821
177.7,2.821
177.8,2.821
177.9,2.821
178,2.821
178.1,2.898
178.2,2.898
178.3,2.898
178.4,2.898
178.5,2.898
178.6,2.924
178.7,2.924
178.8,2.924
178.9,2.924
179,2.924
179.1,3.001
179.2,3.001
179.3,3.001
179.4,3.001
179.5,3.001
179.6,2.976
179.7,2.976
179.8,2.976
179.9,2.976
180,2.976
180.1,2.924
180.2,2.924
180.3,2.924
180.4,2.924
180.5,2.924
180.6,3.001
180.7,3.001
180.8,3.001
180.9,3.001
181,3.001
181.1,2.95
181.2,2.95
181.3,2.95
181.4,2.95
181.5,2.95
181.6,3.053
181.7,3.053
181.8,3.053
181.9,3.053
182,3.053
182.1,2.976
182.2,2.976
182.3,2.976
182.4,2.976
182.5,2.976
182.6,3.104
182.7,3.104
182.8,3.104
182.9,3.104
183,3.104
183.1,2.847
183.2,2.847
183.3,2.847
183.4,2.847
183.5,2.847
183.6,6.04
183.7,6.04
183.8,6.04
183.9,6.04
184,6.04
184.1,5.989
184.2,5.989
184.3,5.989
184.4,5.989
184.5,5.989
184.6,5.989
184.7,5.989
184.8,5.989
184.9,5.989
185,5.989
185.1,6.092
185.2,6.092
185.3,6.092
185.4,6.092
185.5,6.092
185.6,5.963
185.7,5.963
185.8,5.963
185.9,5.963
186,5.963
186.1,6.092
186.2,6.092
186.3,6.092
186.4,6.092
186.5,6.092
186.6,6.015
186.7,6.015
186.8,6.015
186.9,6.015
187,6.015
187.1,6.118
187.2,6.118
187.3,6.118
187.4,6.118
187.5,6.118
187.6,6.04
187.7,6.04
187.8,6.04
187.9,6.04
188,6.04
188.1,5.989
188.2,5.989
188.3,5.989
188.4,5.989
188.5,5.989
188.6,6.015
188.7,6.015
188.8,6.015
188.9,6.015
189,6.015
189.1,5.912
189.2,5.912
189.3,5.912
189.4,5.912
189.5,5.912
189.6,6.118
189.7,6.118
189.8,6.118
189.9,6.118
190,6.118
190.1,6.015
190.2,6.015
190.3,6.015
190.4,6.015
190.5,6.015
190.6,5.86
190.7,5.86
190.8,5.86
190.9,5.86
191,5.86
191.1,5.989
191.2,5.989
191.3,5.989
191.4,5.989
191.5,5.989
191.6,5.886
191.7,5.886
191.8,5.886
191.9,5.886
192,5.886
192.1,5.809
192.2,5.809
192.3,5.809
192.4,5.809
192.5,5.809
192.6,5.86
192.7,5.86
192.8,5.86
192.9,5.86
193,5.86
193.1,6.015
193.2,6.015
193.3,6.015
193.4,6.015
193.5,6.015
193.6,5.757
193.7,5.757
193.8,5.757
193.9,5.757
194,5.757
194.1,6.015
194.2,6.015
194.3,6.015
194.4,6.015
194.5,6.015
194.6,5.912
194.7,5.912
194.8,5.912
194.9,5.912
195,5.912
195.1,5.937
195.2,5.937
195.3,5.937
195.4,5.937
195.5,5.937
195.6,5.963
195.7,5.963
195.8,5.963
195.9,5.963
196,5.963
196.1,5.989
196.2,5.989
196.3,5.989
196.4,5.989
196.5,5.989
196.6,6.015
196.7,6.015
196.8,6.015
196.9,6.015
197,6.015
197.1,5.963
197.2,5.963
197.3,5.963
197.4,5.963
197.5,5.963
197.6,5.989
197.7,5.989
197.8,5.989
197.9,5.989
198,5.989
198.1,5.886
198.2,5.886
198.3,5.886
198.4,5.886
198.5,5.886
198.6,5.963
198.7,5.963
198.8,5.963
198.9,5.963
199,5.963
199.1,5.937
199.2,5.937
199.3,5.937
199.4,5.937
199.5,5.937
199.6,5.86
199.7,5.86
199.8,5.86
199.9,5.86
200,5.86
200.1,5.834
200.2,5.834
200.3,5.834
200.4,5.834
200.5,5.834
200.6,6.092
200.7,6.092
200.8,6.092
200.9,6.092
201,6.092
201.1,5.783
201.2,5.783
201.3,5.783
201.4,5.783
201.5,5.783
201.6,3.388
201.7,3.388
201.8,3.388
201.9,3.388
202,3.388
202.1,3.594
202.2,3.594
202.3,3.594
202.4,3.594
202.5,3.594
202.6,3.413
202.7,3.413
202.8,3.413
202.9,3.413
203,3.413
203.1,3.671
203.2,3.671
203.3,3.671
203.4,3.671
203.5,3.671
203.6,3.619
203.7,3.619
203.8,3.619
203.9,3.619
204,3.619
204.1,3.413
204.2,3.413
204.3,3.413
204.4,3.413
204.5,3.413
204.6,3.516
204.7,3.516
204.8,3.516
204.9,3.516
205,3.516
205.1,3.491
205.2,3.491
205.3,3.491
205.4,3.491
205.5,3.491
205.6,3.491
205.7,3.491
205.8,3.491
205.9,3.491
206,3.491
206.1,3.465
206.2,3.465
206.3,3.465
206.4,3.465
206.5,3.465
206.6,8.641
206.7,8.641
206.8,8.641
206.9,8.641
207,8.641
207.1,8.513
207.2,8.513
207.3,8.513
207.4,8.513
207.5,8.513
207.6,8.41
207.7,8.41
207.8,8.41
207.9,8.41
208,8.41
208.1,8.538
208.2,8.538
208.3,8.538
208.4,8.538
208.5,8.538
208.6,8.616
208.7,8.616
208.8,8.616
208.9,8.616
209,8.616
209.1,8.719
209.2,8.719
209.3,8.719
209.4,8.719
209.5,8.719
209.6,8.59
209.7,8.59
209.8,8.59
209.9,8.59
210,8.59
210.1,8.461
210.2,8.461
210.3,8.461
210.4,8.461
210.5,8.461
210.6,8.616
210.7,8.616
210.8,8.616
210.9,8.616
211,8.616
211.1,8.538
211.2,8.538
211.3,8.538
211.4,8.538
211.5,8.538
211.6,8.744
211.7,8.744
211.8,8.744
211.9,8.744
212,8.744
212.1,8.873
212.2,8.873
212.3,8.873
212.4,8.873
212.5,8.873
212.6,8.487
212.7,8.487
212.8,8.487
212.9,8.487
213,8.487
213.1,8.513
213.2,8.513
213.3,8.513
213.4,8.513
213.5,8.513
213.6,8.41
213.7,8.41
213.8,8.41
213.9,8.41
214,8.41
214.1,6.066
214.2,6.066
214.3,6.066
214.4,6.066
214.5,6.066
214.6,5.963
214.7,5.963
214.8,5.963
214.9,5.963
215,5.963
215.1,5.963
215.2,5.963
215.3,5.963
215.4,5.963
215.5,5.963
215.6,6.015
215.7,6.015
215.8,6.015
215.9,6.015
216,6.015
216.1,6.066
216.2,6.066
216.3,6.066
216.4,6.066
216.5,6.066
216.6,6.195
216.7,6.195
216.8,6.195
216.9,6.195
217,6.195
217.1,6.092
217.2,6.092
217.3,6.092
217.4,6.092
217.5,6.092
217.6,6.118
217.7,6.118
217.8,6.118
217.9,6.118
218,6.118
218.1,5.886
218.2,5.886
218.3,5.886
218.4,5.886
218.5,5.886
218.6,6.066
218.7,6.066
218.8,6.066
218.9,6.066
219,6.066
219.1,6.04
219.2,6.04
219.3,6.04
219.4,6.04
219.5,6.04
219.6,6.118
219.7,6.118
219.8,6.118
219.9,6.118
220,6.118
220.1,6.015
220.2,6.015
220.3,6.015
220.4,6.015
220.5,6.015
220.6,5.86
220.7,5.86
220.8,5.86
220.9,5.86
221,5.86
221.1,6.092
221.2,6.092
221.3,6.092
221.4,6.092
221.5,6.092
221.6,5.937
221.7,5.937
221.8,5.937
221.9,5.937
222,5.937
222.1,6.066
222.2,6.066
222.3,6.066
222.4,6.066
222.5,6.066
222.6,6.118
222.7,6.118
222.8,6.118
222.9,6.118
223,6.118
223.1,6.118
223.2,6.118
223.3,6.118
223.4,6.118
223.5,6.118
223.6,6.169
223.7,6.169
223.8,6.169
223.9,6.169
224,6.169
224.1,6.118
224.2,6.118
224.3,6.118
224.4,6.118
224.5,6.118
224.6,5.937
224.7,5.937
224.8,5.937
224.9,5.937
225,5.937
225.1,6.066
225.2,6.066
225.3,6.066
225.4,6.066
225.5,6.066
225.6,6.015
225.7,6.015
225.8,6.015
225.9,6.015
226,6.015
226.1,5.963
226.2,5.963
226.3,5.963
226.4,5.963
226.5,5.963
226.6,6.246
226.7,6.246
226.8,6.246
226.9,6.246
227,6.246
227.1,6.143
227.2,6.143
227.3,6.143
227.4,6.143
227.5,6.143
227.6,6.143
227.7,6.143
227.8,6.143
227.9,6.143
228,6.143
228.1,6.092
228.2,6.092
228.3,6.092
228.4,6.092
228.5,6.092
228.6,5.783
228.7,5.783
228.8,5.783
228.9,5.783
229,5.783
229.1,6.015
229.2,6.015
229.3,6.015
229.4,6.015
229.5,6.015
229.6,6.015
229.7,6.015
229.8,6.015
229.9,6.015
230,6.015
230.1,6.066
230.2,6.066
230.3,6.066
230.4,6.066
230.5,6.066
230.6,6.04
230.7,6.04
230.8,6.04
230.9,6.04
231,6.04
231.1,3.001
231.2,3.001
231.3,3.001
231.4,3.001
231.5,3.001
231.6,3.001
231.7,3.001
231.8,3.001
231.9,3.001
232,3.001
232.1,3.104
232.2,3.104
232.3,3.104
232.4,3.104
232.5,3.104
232.6,2.95
232.7,2.95
232.8,2.95
232.9,2.95
233,2.95
233.1,2.95
233.2,2.95
233.3,2.95
233.4,2.95
233.5,2.95
233.6,2.898
233.7,2.898
233.8,2.898
233.9,2.898
234,2.898
234.1,2.95
234.2,2.95
234.3,2.95
234.4,2.95
234.5,2.95
234.6,3.156
234.7,3.156
234.8,3.156
234.9,3.156
235,3.156
235.1,2.873
235.2,2.873
235.3,2.873
235.4,2.873
235.5,2.873
235.6,2.898
235.7,2.898
235.8,2.898
235.9,2.898
236,2.898
236.1,2.744
236.2,2.744
236.3,2.744
236.4,2.744
236.5,2.744
236.6,2.641
236.7,2.641
236.8,2.641
236.9,2.641
237,2.641
237.1,2.95
237.2,2.95
237.3,2.95
237.4,2.95
237.5,2.95
237.6,2.847
237.7,2.847
237.8,2.847
237.9,2.847
238,2.847
238.1,2.976
238.2,2.976
238.3,2.976
238.4,2.976
238.5,2.976
238.6,2.692
238.7,2.692
238.8,2.692
238.9,2.692
239,2.692
239.1,2.821
239.2,2.821
239.3,2.821
239.4,2.821
239.5,2.821
239.6,2.77
239.7,2.77
239.8,2.77
239.9,2.77
240,2.77
240.1,2.898
240.2,2.898
240.3,2.898
240.4,2.898
240.5,2.898
240.6,2.976
240.7,2.976
240.8,2.976
240.9,2.976
241,2.976
241.1,4.624
241.2,4.624
241.3,4.624
241.4,4.624
241.5,4.624
241.6,4.65
241.7,4.65
241.8,4.65
241.9,4.65
242,4.65
242.1,4.444
242.2,4.444
242.3,4.444
242.4,4.444
242.5,4.444
242.6,4.65
242.7,4.65
242.8,4.65
242.9,4.65
243,4.65
243.1,4.624
243.2,4.624
243.3,4.624
243.4,4.624
243.5,4.624
243.6,4.65
243.7,4.65
243.8,4.65
243.9,4.65
244,4.65
244.1,4.727
244.2,4.727
244.3,4.727
244.4,4.727
244.5,4.727
244.6,4.65
244.7,4.65
244.8,4.65
244.9,4.65
245,4.65
245.1,4.675
245.2,4.675
245.3,4.675
245.4,4.675
245.5,4.675
245.6,4.598
245.7,4.598
245.8,4.598
245.9,4.598
246,4.598
246.1,4.675
246.2,4.675
246.3,4.675
246.4,4.675
246.5,4.675
246.6,4.753
246.7,4.753
246.8,4.753
246.9,4.753
247,4.753
247.1,4.65
247.2,4.65
247.3,4.65
247.4,4.65
247.5,4.65
247.6,4.65
247.7,4.65
247.8,4.65
247.9,4.65
248,4.65
248.1,4.65
248.2,4.65
248.3,4.65
248.4,4.65
248.5,4.65
248.6,4.727
248.7,4.727
248.8,4.727
248.9,4.727
249,4.727
249.1,4.624
249.2,4.624
249.3,4.624
249.4,4.624
249.5,4.624
249.6,4.753
249.7,4.753
249.8,4.753
249.9,4.753
250,4.753
250.1,4.778
250.2,4.778
250.3,4.778
250.4,4.778
250.5,4.778
250.6,4.418
250.7,4.418
250.8,4.418
250.9,4.418
251,4.418
251.1,4.444
251.2,4.444
251.3,4.444
251.4,4.444
251.5,4.444
251.6,4.444
251.7,4.444
251.8,4.444
251.9,4.444
252,4.444
252.1,4.701
252.2,4.701
252.3,4.701
252.4,4.701
252.5,4.701
252.6,4.753
252.7,4.753
252.8,4.753
252.9,4.753
253,4.753
253.1,4.675
253.2,4.675
253.3,4.675
253.4,4.675
253.5,4.675
253.6,4.65
253.7,4.65
253.8,4.65
253.9,4.65
254,4.65
254.1,4.804
254.2,4.804
254.3,4.804
254.4,4.804
254.5,4.804
254.6,4.675
254.7,4.675
254.8,4.675
254.9,4.675
255,4.675
255.1,4.701
255.2,4.701
255.3,4.701
255.4,4.701
255.5,4.701
255.6,4.675
255.7,4.675
255.8,4.675
255.9,4.675
256,4.675
256.1,6.555
256.2,6.555
256.3,6.555
256.4,6.555
256.5,6.555
256.6,6.813
256.7,6.813
256.8,6.813
256.9,6.813
257,6.813
257.1,6.607
257.2,6.607
257.3,6.607
257.4,6.607
257.5,6.607
257.6,6.452
257.7,6.452
257.8,6.452
257.9,6.452
258,6.452
258.1,6.633
258.2,6.633
258.3,6.633
258.4,6.633
258.5,6.633
258.6,6.607
258.7,6.607
258.8,6.607
258.9,6.607
259,6.607
259.1,6.555
259.2,6.555
259.3,6.555
259.4,6.555
259.5,6.555
259.6,6.581
259.7,6.581
259.8,6.581
259.9,6.581
260,6.581
260.1,6.839
260.2,6.839
260.3,6.839
260.4,6.839
260.5,6.839
260.6,6.581
260.7,6.581
260.8,6.581
260.9,6.581
261,6.581
261.1,6.761
261.2,6.761
261.3,6.761
261.4,6.761
261.5,6.761
261.6,6.633
261.7,6.633
261.8,6.633
261.9,6.633
262,6.633
262.1,6.71
262.2,6.71
262.3,6.71
262.4,6.71
262.5,6.71
262.6,6.504
262.7,6.504
262.8,6.504
262.9,6.504
263,6.504
263.1,6.684
263.2,6.684
263.3,6.684
263.4,6.684
263.5,6.684
263.6,6.504
263.7,6.504
263.8,6.504
263.9,6.504
264,6.504
264.1,6.607
264.2,6.607
264.3,6.607
264.4,6.607
264.5,6.607
264.6,6.633
264.7,6.633
264.8,6.633
264.9,6.633
265,6.633
265.1,6.607
265.2,6.607
265.3,6.607
265.4,6.607
265.5,6.607
265.6,6.581
265.7,6.581
265.8,6.581
265.9,6.581
266,6.581
266.1,5.577
266.2,5.577
266.3,5.577
266.4,5.577
266.5,5.577
266.6,5.706
266.7,5.706
266.8,5.706
266.9,5.706
267,5.706
267.1,5.68
267.2,5.68
267.3,5.68
267.4,5.68
267.5,5.68
267.6,5.68
267.7,5.68
267.8,5.68
267.9,5.68
268,5.68
268.1,5.654
268.2,5.654
268.3,5.654
268.4,5.654
268.5,5.654
268.6,5.706
268.7,5.706
268.8,5.706
268.9,5.706
269,5.706
269.1,5.68
269.2,5.68
269.3,5.68
269.4,5.68
269.5,5.68
269.6,5.809
269.7,5.809
269.8,5.809
269.9,5.809
270,5.809
270.1,5.551
270.2,5.551
270.3,5.551
270.4,5.551
270.5,5.551
270.6,5.525
270.7,5.525
270.8,5.525
270.9,5.525
271,5.525
271.1,5.603
271.2,5.603
271.3,5.603
271.4,5.603
271.5,5.603
271.6,5.628
271.7,5.628
271.8,5.628
271.9,5.628
272,5.628
272.1,5.68
272.2,5.68
272.3,5.68
272.4,5.68
272.5,5.68
272.6,5.499
272.7,5.499
272.8,5.499
272.9,5.499
273,5.499
273.1,5.706
273.2,5.706
273.3,5.706
273.4,5.706
273.5,5.706
273.6,5.68
273.7,5.68
273.8,5.68
273.9,5.68
274,5.68
274.1,5.551
274.2,5.551
274.3,5.551
274.4,5.551
274.5,5.551
274.6,5.603
274.7,5.603
274.8,5.603
274.9,5.603
275,5.603
275.1,5.809
275.2,5.809
275.3,5.809
275.4,5.809
275.5,5.809
275.6,5.577
275.7,5.577
275.8,5.577
275.9,5.577
276,5.577
276.1,5.577
276.2,5.577
276.3,5.577
276.4,5.577
276.5,5.577
276.6,5.654
276.7,5.654
276.8,5.654
276.9,5.654
277,5.654
277.1,5.525
277.2,5.525
277.3,5.525
277.4,5.525
277.5,5.525
277.6,5.551
277.7,5.551
277.8,5.551
277.9,5.551
278,5.551
278.1,5.628
278.2,5.628
278.3,5.628
278.4,5.628
278.5,5.628
278.6,5.525
278.7,5.525
278.8,5.525
278.9,5.525
279,5.525
279.1,5.577
279.2,5.577
279.3,5.577
279.4,5.577
279.5,5.577
279.6,8.307
279.7,8.307
279.8,8.307
279.9,8.307
280,8.307
280.1,8.487
280.2,8.487
280.3,8.487
280.4,8.487
280.5,8.487
280.6,8.41
280.7,8.41
280.8,8.41
280.9,8.41
281,8.41
281.1,8.564
281.2,8.564
281.3,8.564
281.4,8.564
281.5,8.564
281.6,8.513
281.7,8.513
281.8,8.513
281.9,8.513
282,8.513
282.1,8.332
282.2,8.332
282.3,8.332
282.4,8.332
282.5,8.332
282.6,8.41
282.7,8.41
282.8,8.41
282.9,8.41
283,8.41
283.1,8.513
283.2,8.513
283.3,8.513
283.4,8.513
283.5,8.513
283.6,8.513
283.7,8.513
283.8,8.513
283.9,8.513
284,8.513
284.1,8.461
284.2,8.461
284.3,8.461
284.4,8.461
284.5,8.461
284.6,3.722
284.7,3.722
284.8,3.722
284.9,3.722
285,3.722
285.1,3.645
285.2,3.645
285.3,3.645
285.4,3.645
285.5,3.645
285.6,3.491
285.7,3.491
285.8,3.491
285.9,3.491
286,3.491
286.1,3.697
286.2,3.697
286.3,3.697
286.4,3.697
286.5,3.697
286.6,3.722
286.7,3.722
286.8,3.722
286.9,3.722
287,3.722
287.1,3.568
287.2,3.568
287.3,3.568
287.4,3.568
287.5,3.568
287.6,3.594
287.7,3.594
287.8,3.594
287.9,3.594
288,3.594
288.1,3.671
288.2,3.671
288.3,3.671
288.4,3.671
288.5,3.671
288.6,3.748
288.7,3.748
288.8,3.748
288.9,3.748
289,3.748
289.1,3.619
289.2,3.619
289.3,3.619
289.4,3.619
289.5,3.619
289.6,3.645
289.7,3.645
289.8,3.645
289.9,3.645
290,3.645
290.1,3.774
290.2,3.774
290.3,3.774
290.4,3.774
290.5,3.774
290.6,3.645
290.7,3.645
290.8,3.645
290.9,3.645
291,3.645
291.1,3.722
291.2,3.722
291.3,3.722
291.4,3.722
291.5,3.722
291.6,3.542
291.7,3.542
291.8,3.542
291.9,3.542
292,3.542
292.1,3.748
292.2,3.748
292.3,3.748
292.4,3.748
292.5,3.748
292.6,3.774
292.7,3.774
292.8,3.774
292.9,3.774
293,3.774
293.1,3.748
293.2,3.748
293.3,3.748
293.4,3.748
293.5,3.748
293.6,3.774
293.7,3.774
293.8,3.774
293.9,3.774
294,3.774
294.1,3.851
294.2,3.851
294.3,3.851
294.4,3.851
294.5,3.851
294.6,3.645
294.7,3.645
294.8,3.645
294.9,3.645
295,3.645
295.1,3.645
295.2,3.645
295.3,3.645
295.4,3.645
295.5,3.645
295.6,3.697
295.7,3.697
295.8,3.697
295.9,3.697
296,3.697
296.1,3.697
296.2,3.697
296.3,3.697
296.4,3.697
296.5,3.697
296.6,3.774
296.7,3.774
296.8,3.774
296.9,3.774
297,3.774
297.1,3.748
297.2,3.748
297.3,3.748
297.4,3.748
297.5,3.748
297.6,3.826
297.7,3.826
297.8,3.826
297.9,3.826
298,3.826
298.1,3.516
298.2,3.516
298.3,3.516
298.4,3.516
298.5,3.516
298.6,3.671
298.7,3.671
298.8,3.671
298.9,3.671
299,3.671
299.1,3.774
299.2,3.774
299.3,3.774
299.4,3.774
299.5,3.774
299.6,3.671
299.7,3.671
299.8,3.671
299.9,3.671
300,3.671
300.1,3.671
300.2,3.671
300.3,3.671
300.4,3.671
300.5,3.671
300.6,3.645
300.7,3.645
300.8,3.645
300.9,3.645
301,3.645
301.1,3.774
301.2,3.774
301.3,3.774
301.4,3.774
301.5,3.774
301.6,3.8
301.7,3.8
301.8,3.8
301.9,3.8
302,3.8
302.1,3.619
302.2,3.619
302.3,3.619
302.4,3.619
302.5,3.619
302.6,3.619
302.7,3.619
302.8,3.619
302.9,3.619
303,3.619
303.1,3.748
303.2,3.748
303.3,3.748
303.4,3.748
303.5,3.748
303.6,3.697
303.7,3.697
303.8,3.697
303.9,3.697
304,3.697
304.1,3.722
304.2,3.722
304.3,3.722
304.4,3.722
304.5,3.722
304.6,3.568
304.7,3.568
304.8,3.568
304.9,3.568
305,3.568
305.1,3.465
305.2,3.465
305.3,3.465
305.4,3.465
305.5,3.465
305.6,3.645
305.7,3.645
305.8,3.645
305.9,3.645
306,3.645
306.1,3.671
306.2,3.671
306.3,3.671
306.4,3.671
306.5,3.671
306.6,3.774
306.7,3.774
306.8,3.774
306.9,3.774
307,3.774
307.1,3.619
307.2,3.619
307.3,3.619
307.4,3.619
307.5,3.619
307.6,3.697
307.7,3.697
307.8,3.697
307.9,3.697
308,3.697
308.1,3.671
308.2,3.671
308.3,3.671
308.4,3.671
308.5,3.671
308.6,3.594
308.7,3.594
308.8,3.594
308.9,3.594
309,3.594
309.1,3.774
309.2,3.774
309.3,3.774
309.4,3.774
309.5,3.774
309.6,10.496
309.7,10.496
309.8,10.496
309.9,10.496
310,10.496
310.1,10.238
310.2,10.238
310.3,10.238
310.4,10.238
310.5,10.238
310.6,10.238
310.7,10.238
310.8,10.238
310.9,10.238
311,10.238
311.1,10.418
311.2,10.418
311.3,10.418
311.4,10.418
311.5,10.418
311.6,10.367
311.7,10.367
311.8,10.367
311.9,10.367
312,10.367
312.1,10.393
312.2,10.393
312.3,10.393
312.4,10.393
312.5,10.393
312.6,10.393
312.7,10.393
312.8,10.393
312.9,10.393
313,10.393
313.1,10.187
313.2,10.187
313.3,10.187
313.4,10.187
313.5,10.187
313.6,10.341
313.7,10.341
313.8,10.341
313.9,10.341
314,10.341
314.1,10.496
314.2,10.496
314.3,10.496
314.4,10.496
314.5,10.496
314.6,4.572
314.7,4.572
314.8,4.572
314.9,4.572
315,4.572
315.1,4.624
315.2,4.624
315.3,4.624
315.4,4.624
315.5,4.624
315.6,4.701
315.7,4.701
315.8,4.701
315.9,4.701
316,4.701
316.1,4.624
316.2,4.624
316.3,4.624
316.4,4.624
316.5,4.624
316.6,4.701
316.7,4.701
316.8,4.701
316.9,4.701
317,4.701
317.1,4.65
317.2,4.65
317.3,4.65
317.4,4.65
317.5,4.65
317.6,4.65
317.7,4.65
317.8,4.65
317.9,4.65
318,4.65
318.1,4.624
318.2,4.624
318.3,4.624
318.4,4.624
318.5,4.624
318.6,4.572
318.7,4.572
318.8,4.572
318.9,4.572
319,4.572
319.1,4.701
319.2,4.701
319.3,4.701
319.4,4.701
319.5,4.701
319.6,4.598
319.7,4.598
319.8,4.598
319.9,4.598
320,4.598
320.1,4.495
320.2,4.495
320.3,4.495
320.4,4.495
320.5,4.495
320.6,4.675
320.7,4.675
320.8,4.675
320.9,4.675
321,4.675
321.1,4.727
321.2,4.727
321.3,4.727
321.4,4.727
321.5,4.727
321.6,4.753
321.7,4.753
321.8,4.753
321.9,4.753
322,4.753
322.1,4.624
322.2,4.624
322.3,4.624
322.4,4.624
322.5,4.624
322.6,4.624
322.7,4.624
322.8,4.624
322.9,4.624
323,4.624
323.1,4.727
323.2,4.727
323.3,4.727
323.4,4.727
323.5,4.727
323.6,4.727
323.7,4.727
323.8,4.727
323.9,4.727
324,4.727
324.1,4.701
324.2,4.701
324.3,4.701
324.4,4.701
324.5,4.701
324.6,4.701
324.7,4.701
324.8,4.701
324.9,4.701
325,4.701
325.1,4.521
325.2,4.521
325.3,4.521
325.4,4.521
325.5,4.521
325.6,4.701
325.7,4.701
325.8,4.701
325.9,4.701
326,4.701
326.1,4.675
326.2,4.675
326.3,4.675
326.4,4.675
326.5,4.675
326.6,4.753
326.7,4.753
326.8,4.753
326.9,4.753
327,4.753
327.1,4.469
327.2,4.469
327.3,4.469
327.4,4.469
327.5,4.469
327.6,4.521
327.7,4.521
327.8,4.521
327.9,4.521
328,4.521
328.1,4.598
328.2,4.598
328.3,4.598
328.4,4.598
328.5,4.598
328.6,4.727
328.7,4.727
328.8,4.727
328.9,4.727
329,4.727
329.1,4.701
329.2,4.701
329.3,4.701
329.4,4.701
329.5,4.701
329.6,4.521
329.7,4.521
329.8,4.521
329.9,4.521
330,4.521
330.1,4.547
330.2,4.547
330.3,4.547
330.4,4.547
330.5,4.547
330.6,4.572
330.7,4.572
330.8,4.572
330.9,4.572
331,4.572
331.1,4.547
331.2,4.547
331.3,4.547
331.4,4.547
331.5,4.547
331.6,4.598
331.7,4.598
331.8,4.598
331.9,4.598
332,4.598
332.1,4.598
332.2,4.598
332.3,4.598
332.4,4.598
332.5,4.598
332.6,4.701
332.7,4.701
332.8,4.701
332.9,4.701
333,4.701
333.1,4.753
333.2,4.753
333.3,4.753
333.4,4.753
333.5,4.753
333.6,4.753
333.7,4.753
333.8,4.753
333.9,4.753
334,4.753
334.1,4.624
334.2,4.624
334.3,4.624
334.4,4.624
334.5,4.624
334.6,4.701
334.7,4.701
334.8,4.701
334.9,4.701
335,4.701
335.1,6.581
335.2,6.581
335.3,6.581
335.4,6.581
335.5,6.581
335.6,6.53
335.7,6.53
335.8,6.53
335.9,6.53
336,6.53
336.1,6.787
336.2,6.787
336.3,6.787
336.4,6.787
336.5,6.787
336.6,6.555
336.7,6.555
336.8,6.555
336.9,6.555
337,6.555
337.1,6.452
337.2,6.452
337.3,6.452
337.4,6.452
337.5,6.452
337.6,6.633
337.7,6.633
337.8,6.633
337.9,6.633
338,6.633
338.1,6.684
338.2,6.684
338.3,6.684
338.4,6.684
338.5,6.684
338.6,6.71
338.7,6.71
338.8,6.71
338.9,6.71
339,6.71
339.1,6.581
339.2,6.581
339.3,6.581
339.4,6.581
339.5,6.581
339.6,6.633
339.7,6.633
339.8,6.633
339.9,6.633
340,6.633
340.1,6.607
340.2,6.607
340.3,6.607
340.4,6.607
340.5,6.607
340.6,6.427
340.7,6.427
340.8,6.427
340.9,6.427
341,6.427
341.1,6.375
341.2,6.375
341.3,6.375
341.4,6.375
341.5,6.375
341.6,6.53
341.7,6.53
341.8,6.53
341.9,6.53
342,6.53
342.1,6.607
342.2,6.607
342.3,6.607
342.4,6.607
342.5,6.607
342.6,6.555
342.7,6.555
342.8,6.555
342.9,6.555
343,6.555
343.1,6.427
343.2,6.427
343.3,6.427
343.4,6.427
343.5,6.427
343.6,6.581
343.7,6.581
343.8,6.581
343.9,6.581
344,6.581
344.1,6.504
344.2,6.504
344.3,6.504
344.4,6.504
344.5,6.504
344.6,6.581
344.7,6.581
344.8,6.581
344.9,6.581
345,6.581
345.1,6.71
345.2,6.71
345.3,6.71
345.4,6.71
345.5,6.71
345.6,6.607
345.7,6.607
345.8,6.607
345.9,6.607
346,6.607
346.1,6.607
346.2,6.607
346.3,6.607
346.4,6.607
346.5,6.607
346.6,6.298
346.7,6.298
346.8,6.298
346.9,6.298
347,6.298
347.1,6.504
347.2,6.504
347.3,6.504
347.4,6.504
347.5,6.504
347.6,6.349
347.7,6.349
347.8,6.349
347.9,6.349
348,6.349
348.1,6.504
348.2,6.504
348.3,6.504
348.4,6.504
348.5,6.504
348.6,6.633
348.7,6.633
348.8,6.633
348.9,6.633
349,6.633
349.1,3.13
349.2,3.13
349.3,3.13
349.4,3.13
349.5,3.13
349.6,3.053
349.7,3.053
349.8,3.053
349.9,3.053
350,3.053
350.1,2.898
350.2,2.898
350.3,2.898
350.4,2.898
350.5,2.898
350.6,3.001
350.7,3.001
350.8,3.001
350.9,3.001
351,3.001
351.1,3.053
351.2,3.053
351.3,3.053
351.4,3.053
351.5,3.053
351.6,3.104
351.7,3.104
351.8,3.104
351.9,3.104
352,3.104
352.1,2.898
352.2,2.898
352.3,2.898
352.4,2.898
352.5,2.898
352.6,2.924
352.7,2.924
352.8,2.924
352.9,2.924
353,2.924
353.1,2.924
353.2,2.924
353.3,2.924
353.4,2.924
353.5,2.924
353.6,2.976
353.7,2.976
353.8,2.976
353.9,2.976
354,2.976
354.1,3.027
354.2,3.027
354.3,3.027
354.4,3.027
354.5,3.027
354.6,3.053
354.7,3.053
354.8,3.053
354.9,3.053
355,3.053
355.1,2.95
355.2,2.95
355.3,2.95
355.4,2.95
355.5,2.95
355.6,2.976
355.7,2.976
355.8,2.976
355.9,2.976
356,2.976
356.1,3.182
356.2,3.182
356.3,3.182
356.4,3.182
356.5,3.182
356.6,2.95
356.7,2.95
356.8,2.95
356.9,2.95
357,2.95
357.1,3.053
357.2,3.053
357.3,3.053
357.4,3.053
357.5,3.053
357.6,2.898
357.7,2.898
357.8,2.898
357.9,2.898
358,2.898
358.1,3.13
358.2,3.13
358.3,3.13
358.4,3.13
358.5,3.13
358.6,2.976
358.7,2.976
358.8,2.976
358.9,2.976
359,2.976
359.1,2.976
359.2,2.976
359.3,2.976
359.4,2.976
359.5,2.976
359.6,3.027
359.7,3.027
359.8,3.027
359.9,3.027
360,3.027
360.1,3.053
360.2,3.053
360.3,3.053
360.4,3.053
360.5,3.053
360.6,2.976
360.7,2.976
360.8,2.976
360.9,2.976
361,2.976
361.1,2.976
361.2,2.976
361.3,2.976
361.4,2.976
361.5,2.976
361.6,2.976
361.7,2.976
361.8,2.976
361.9,2.976
362,2.976
362.1,2.976
362.2,2.976
362.3,2.976
362.4,2.976
362.5,2.976
362.6,2.976
362.7,2.976
362.8,2.976
362.9,2.976
363,2.976
363.1,2.95
363.2,2.95
363.3,2.95
363.4,2.95
363.5,2.95
363.6,2.95
363.7,2.95
363.8,2.95
363.9,2.95
364,2.95
364.1,2.976
364.2,2.976
364.3,2.976
364.4,2.976
364.5,2.976
364.6,2.692
364.7,2.692
364.8,2.692
364.9,2.692
365,2.692
365.1,3.001
365.2,3.001
365.3,3.001
365.4,3.001
365.5,3.001
365.6,2.95
365.7,2.95
365.8,2.95
365.9,2.95
366,2.95
366.1,2.873
366.2,2.873
366.3,2.873
366.4,2.873
366.5,2.873
366.6,2.898
366.7,2.898
366.8,2.898
366.9,2.898
367,2.898
367.1,2.873
367.2,2.873
367.3,2.873
367.4,2.873
367.5,2.873
367.6,2.924
367.7,2.924
367.8,2.924
367.9,2.924
368,2.924
368.1,2.95
368.2,2.95
368.3,2.95
368.4,2.95
368.5,2.95
368.6,3.13
368.7,3.13
368.8,3.13
368.9,3.13
369,3.13
369.1,2.847
369.2,2.847
369.3,2.847
369.4,2.847
369.5,2.847
369.6,2.976
369.7,2.976
369.8,2.976
369.9,2.976
370,2.976
370.1,2.95
370.2,2.95
370.3,2.95
370.4,2.95
370.5,2.95
370.6,2.976
370.7,2.976
370.8,2.976
370.9,2.976
371,2.976
371.1,2.95
371.2,2.95
371.3,2.95
371.4,2.95
371.5,2.95
371.6,2.873
371.7,2.873
371.8,2.873
371.9,2.873
372,2.873
372.1,2.924
372.2,2.924
372.3,2.924
372.4,2.924
372.5,2.924
372.6,2.821
372.7,2.821
372.8,2.821
372.9,2.821
373,2.821
373.1,3.053
373.2,3.053
373.3,3.053
373.4,3.053
373.5,3.053
373.6,2.898
373.7,2.898
373.8,2.898
373.9,2.898
374,2.898
374.1,3.104
374.2,3.104
374.3,3.104
374.4,3.104
374.5,3.104
374.6,3.053
374.7,3.053
374.8,3.053
374.9,3.053
375,3.053
375.1,3.053
375.2,3.053
375.3,3.053
375.4,3.053
375.5,3.053
375.6,3.001
375.7,3.001
375.8,3.001
375.9,3.001
376,3.001
376.1,2.847
376.2,2.847
376.3,2.847
376.4,2.847
376.5,2.847
376.6,2.615
376.7,2.615
376.8,2.615
376.9,2.615
377,2.615
377.1,4.289
377.2,4.289
377.3,4.289
377.4,4.289
377.5,4.289
377.6,4.341
377.7,4.341
377.8,4.341
377.9,4.341
378,4.341
378.1,4.238
378.2,4.238
378.3,4.238
378.4,4.238
378.5,4.238
378.6,4.186
378.7,4.186
378.8,4.186
378.9,4.186
379,4.186
379.1,4.238
379.2,4.238
379.3,4.238
379.4,4.238
379.5,4.238
379.6,4.186
379.7,4.186
379.8,4.186
379.9,4.186
380,4.186
380.1,4.315
380.2,4.315
380.3,4.315
380.4,4.315
380.5,4.315
380.6,4.341
380.7,4.341
380.8,4.341
380.9,4.341
381,4.341
381.1,4.186
381.2,4.186
381.3,4.186
381.4,4.186
381.5,4.186
381.6,4.289
381.7,4.289
381.8,4.289
381.9,4.289
382,4.289
382.1,4.341
382.2,4.341
382.3,4.341
382.4,4.341
382.5,4.341
382.6,4.238
382.7,4.238
382.8,4.238
382.9,4.238
383,4.238
383.1,4.083
383.2,4.083
383.3,4.083
383.4,4.083
383.5,4.083
383.6,4.341
383.7,4.341
383.8,4.341
383.9,4.341
384,4.341
384.1,4.392
384.2,4.392
384.3,4.392
384.4,4.392
384.5,4.392
384.6,4.16
384.7,4.16
384.8,4.16
384.9,4.16
385,4.16
385.1,4.289
385.2,4.289
385.3,4.289
385.4,4.289
385.5,4.289
385.6,4.238
385.7,4.238
385.8,4.238
385.9,4.238
386,4.238
386.1,4.289
386.2,4.289
386.3,4.289
386.4,4.289
386.5,4.289
386.6,4.315
386.7,4.315
386.8,4.315
386.9,4.315
387,4.315
387.1,4.238
387.2,4.238
387.3,4.238
387.4,4.238
387.5,4.238
387.6,4.212
387.7,4.212
387.8,4.212
387.9,4.212
388,4.212
388.1,4.263
388.2,4.263
388.3,4.263
388.4,4.263
388.5,4.263
388.6,4.289
388.7,4.289
388.8,4.289
388.9,4.289
389,4.289
389.1,4.212
389.2,4.212
389.3,4.212
389.4,4.212
389.5,4.212
389.6,4.289
389.7,4.289
389.8,4.289
389.9,4.289
390,4.289
390.1,4.263
390.2,4.263
390.3,4.263
390.4,4.263
390.5,4.263
390.6,4.315
390.7,4.315
390.8,4.315
390.9,4.315
391,4.315
391.1,4.289
391.2,4.289
391.3,4.289
391.4,4.289
391.5,4.289
391.6,4.238
391.7,4.238
391.8,4.238
391.9,4.238
392,4.238
392.1,4.263
392.2,4.263
392.3,4.263
392.4,4.263
392.5,4.263
392.6,4.444
392.7,4.444
392.8,4.444
392.9,4.444
393,4.444
393.1,4.212
393.2,4.212
393.3,4.212
393.4,4.212
393.5,4.212
393.6,4.315
393.7,4.315
393.8,4.315
393.9,4.315
394,4.315
394.1,4.444
394.2,4.444
394.3,4.444
394.4,4.444
394.5,4.444
394.6,4.212
394.7,4.212
394.8,4.212
394.9,4.212
395,4.212
395.1,4.16
395.2,4.16
395.3,4.16
395.4,4.16
395.5,4.16
395.6,4.289
395.7,4.289
395.8,4.289
395.9,4.289
396,4.289
396.1,4.392
396.2,4.392
396.3,4.392
396.4,4.392
396.5,4.392
396.6,4.263
396.7,4.263
396.8,4.263
396.9,4.263
397,4.263
397.1,4.315
397.2,4.315
397.3,4.315
397.4,4.315
397.5,4.315
397.6,4.186
397.7,4.186
397.8,4.186
397.9,4.186
398,4.186
398.1,4.083
398.2,4.083
398.3,4.083
398.4,4.083
398.5,4.083
398.6,4.366
398.7,4.366
398.8,4.366
398.9,4.366
399,4.366
399.1,4.135
399.2,4.135
399.3,4.135
399.4,4.135
399.5,4.135
399.6,4.032
399.7,4.032
399.8,4.032
399.9,4.032
400,4.032
400.1,4.289
400.2,4.289
400.3,4.289
400.4,4.289
400.5,4.289
400.6,4.263
400.7,4.263
400.8,4.263
400.9,4.263
401,4.263
401.1,4.212
401.2,4.212
401.3,4.212
401.4,4.212
401.5,4.212
401.6,4.289
401.7,4.289
401.8,4.289
401.9,4.289
402,4.289
402.1,4.315
402.2,4.315
402.3,4.315
402.4,4.315
402.5,4.315
402.6,3.001
402.7,3.001
402.8,3.001
402.9,3.001
403,3.001
403.1,2.924
403.2,2.924
403.3,2.924
403.4,2.924
403.5,2.924
403.6,2.821
403.7,2.821
403.8,2.821
403.9,2.821
404,2.821
404.1,3.104
404.2,3.104
404.3,3.104
404.4,3.104
404.5,3.104
404.6,3.053
404.7,3.053
404.8,3.053
404.9,3.053
405,3.053
405.1,2.924
405.2,2.924
405.3,2.924
405.4,2.924
405.5,2.924
405.6,3.104
405.7,3.104
405.8,3.104
405.9,3.104
406,3.104
406.1,3.13
406.2,3.13
406.3,3.13
406.4,3.13
406.5,3.13
406.6,2.873
406.7,2.873
406.8,2.873
406.9,2.873
407,2.873
407.1,2.976
407.2,2.976
407.3,2.976
407.4,2.976
407.5,2.976
407.6,3.027
407.7,3.027
407.8,3.027
407.9,3.027
408,3.027
408.1,2.898
408.2,2.898
408.3,2.898
408.4,2.898
408.5,2.898
408.6,2.873
408.7,2.873
408.8,2.873
408.9,2.873
409,2.873
409.1,2.924
409.2,2.924
409.3,2.924
409.4,2.924
409.5,2.924
409.6,3.285
409.7,3.285
409.8,3.285
409.9,3.285
410,3.285
410.1,3.079
410.2,3.079
410.3,3.079
410.4,3.079
410.5,3.079
410.6,3.13
410.7,3.13
410.8,3.13
410.9,3.13
411,3.13
411.1,2.898
411.2,2.898
411.3,2.898
411.4,2.898
411.5,2.898
411.6,2.821
411.7,2.821
411.8,2.821
411.9,2.821
412,2.821
412.1,2.976
412.2,2.976
412.3,2.976
412.4,2.976
412.5,2.976
412.6,3.053
412.7,3.053
412.8,3.053
412.9,3.053
413,3.053
413.1,2.95
413.2,2.95
413.3,2.95
413.4,2.95
413.5,2.95
413.6,2.821
413.7,2.821
413.8,2.821
413.9,2.821
414,2.821
414.1,2.898
414.2,2.898
414.3,2.898
414.4,2.898
414.5,2.898
414.6,5.989
414.7,5.989
414.8,5.989
414.9,5.989
415,5.989
415.1,5.912
415.2,5.912
415.3,5.912
415.4,5.912
415.5,5.912
415.6,5.989
415.7,5.989
415.8,5.989
415.9,5.989
416,5.989
416.1,5.989
416.2,5.989
416.3,5.989
416.4,5.989
416.5,5.989
416.6,5.912
416.7,5.912
416.8,5.912
416.9,5.912
417,5.912
417.1,6.04
417.2,6.04
417.3,6.04
417.4,6.04
417.5,6.04
417.6,5.86
417.7,5.86
417.8,5.86
417.9,5.86
418,5.86
418.1,5.963
418.2,5.963
418.3,5.963
418.4,5.963
418.5,5.963
418.6,6.118
418.7,6.118
418.8,6.118
418.9,6.118
419,6.118
419.1,6.04
419.2,6.04
419.3,6.04
419.4,6.04
419.5,6.04
419.6,5.886
419.7,5.886
419.8,5.886
419.9,5.886
420,5.886
420.1,6.092
420.2,6.092
420.3,6.092
420.4,6.092
420.5,6.092
420.6,5.809
420.7,5.809
420.8,5.809
420.9,5.809
421,5.809
421.1,6.04
421.2,6.04
421.3,6.04
421.4,6.04
421.5,6.04
421.6,6.118
421.7,6.118
421.8,6.118
421.9,6.118
422,6.118
422.1,5.86
422.2,5.86
422.3,5.86
422.4,5.86
422.5,5.86
422.6,6.04
422.7,6.04
422.8,6.04
422.9,6.04
423,6.04
423.1,6.143
423.2,6.143
423.3,6.143
423.4,6.143
423.5,6.143
423.6,5.989
423.7,5.989
423.8,5.989
423.9,5.989
424,5.989
424.1,6.04
424.2,6.04
424.3,6.04
424.4,6.04
424.5,6.04
424.6,6.015
424.7,6.015
424.8,6.015
424.9,6.015
425,6.015
425.1,5.886
425.2,5.886
425.3,5.886
425.4,5.886
425.5,5.886
425.6,5.963
425.7,5.963
425.8,5.963
425.9,5.963
426,5.963
426.1,5.912
426.2,5.912
426.3,5.912
426.4,5.912
426.5,5.912
426.6,5.937
426.7,5.937
426.8,5.937
426.9,5.937
427,5.937
427.1,6.118
427.2,6.118
427.3,6.118
427.4,6.118
427.5,6.118
427.6,5.963
427.7,5.963
427.8,5.963
427.9,5.963
428,5.963
428.1,6.092
428.2,6.092
428.3,6.092
428.4,6.092
428.5,6.092
428.6,5.912
428.7,5.912
428.8,5.912
428.9,5.912
429,5.912
429.1,5.989
429.2,5.989
429.3,5.989
429.4,5.989
429.5,5.989
429.6,6.066
429.7,6.066
429.8,6.066
429.9,6.066
430,6.066
430.1,5.989
430.2,5.989
430.3,5.989
430.4,5.989
430.5,5.989
430.6,6.04
430.7,6.04
430.8,6.04
430.9,6.04
431,6.04
431.1,5.809
431.2,5.809
431.3,5.809
431.4,5.809
431.5,5.809
431.6,5.783
431.7,5.783
431.8,5.783
431.9,5.783
432,5.783
432.1,6.092
432.2,6.092
432.3,6.092
432.4,6.092
432.5,6.092
432.6,3.594
432.7,3.594
432.8,3.594
432.9,3.594
433,3.594
433.1,3.413
433.2,3.413
433.3,3.413
433.4,3.413
433.5,3.413
433.6,3.697
433.7,3.697
433.8,3.697
433.9,3.697
434,3.697
434.1,3.594
434.2,3.594
434.3,3.594
434.4,3.594
434.5,3.594
434.6,3.542
434.7,3.542
434.8,3.542
434.9,3.542
435,3.542
435.1,3.568
435.2,3.568
435.3,3.568
435.4,3.568
435.5,3.568
435.6,3.594
435.7,3.594
435.8,3.594
435.9,3.594
436,3.594
436.1,3.413
436.2,3.413
436.3,3.413
436.4,3.413
436.5,3.413
436.6,3.619
436.7,3.619
436.8,3.619
436.9,3.619
437,3.619
437.1,3.465
437.2,3.465
437.3,3.465
437.4,3.465
437.5,3.465
437.6,8.616
437.7,8.616
437.8,8.616
437.9,8.616
438,8.616
438.1,8.538
438.2,8.538
438.3,8.538
438.4,8.538
438.5,8.538
438.6,8.616
438.7,8.616
438.8,8.616
438.9,8.616
439,8.616
439.1,8.693
439.2,8.693
439.3,8.693
439.4,8.693
439.5,8.693
439.6,8.59
439.7,8.59
439.8,8.59
439.9,8.59
440,8.59
440.1,8.564
440.2,8.564
440.3,8.564
440.4,8.564
440.5,8.564
440.6,8.564
440.7,8.564
440.8,8.564
440.9,8.564
441,8.564
441.1,8.564
441.2,8.564
441.3,8.564
441.4,8.564
441.5,8.564
441.6,8.487
441.7,8.487
441.8,8.487
441.9,8.487
442,8.487
442.1,8.461
442.2,8.461
442.3,8.461
442.4,8.461
442.5,8.461
442.6,8.487
442.7,8.487
442.8,8.487
442.9,8.487
443,8.487
443.1,8.538
443.2,8.538
443.3,8.538
443.4,8.538
443.5,8.538
443.6,8.538
443.7,8.538
443.8,8.538
443.9,8.538
444,8.538
444.1,8.435
444.2,8.435
444.3,8.435
444.4,8.435
444.5,8.435
444.6,8.693
444.7,8.693
444.8,8.693
444.9,8.693
445,8.693
445.1,5.989
445.2,5.989
445.3,5.989
445.4,5.989
445.5,5.989
445.6,6.015
445.7,6.015
445.8,6.015
445.9,6.015
446,6.015
446.1,6.169
446.2,6.169
446.3,6.169
446.4,6.169
446.5,6.169
446.6,6.04
446.7,6.04
446.8,6.04
446.9,6.04
447,6.04
447.1,5.989
447.2,5.989
447.3,5.989
447.4,5.989
447.5,5.989
447.6,6.066
447.7,6.066
447.8,6.066
447.9,6.066
448,6.066
448.1,5.989
448.2,5.989
448.3,5.989
448.4,5.989
448.5,5.989
448.6,5.989
448.7,5.989
448.8,5.989
448.9,5.989
449,5.989
449.1,6.015
449.2,6.015
449.3,6.015
449.4,6.015
449.5,6.015
449.6,5.989
449.7,5.989
449.8,5.989
449.9,5.989
450,5.989
450.1,6.066
450.2,6.066
450.3,6.066
450.4,6.066
450.5,6.066
450.6,6.195
450.7,6.195
450.8,6.195
450.9,6.195
451,6.195
451.1,6.04
451.2,6.04
451.3,6.04
451.4,6.04
451.5,6.04
451.6,5.989
451.7,5.989
451.8,5.989
451.9,5.989
452,5.989
452.1,6.092
452.2,6.092
452.3,6.092
452.4,6.092
452.5,6.092
452.6,6.118
452.7,6.118
452.8,6.118
452.9,6.118
453,6.118
453.1,6.118
453.2,6.118
453.3,6.118
453.4,6.118
453.5,6.118
453.6,6.04
453.7,6.04
453.8,6.04
453.9,6.04
454,6.04
454.1,6.066
454.2,6.066
454.3,6.066
454.4,6.066
454.5,6.066
454.6,6.169
454.7,6.169
454.8,6.169
454.9,6.169
455,6.169
455.1,6.221
455.2,6.221
455.3,6.221
455.4,6.221
455.5,6.221
455.6,6.195
455.7,6.195
455.8,6.195
455.9,6.195
456,6.195
456.1,6.015
456.2,6.015
456.3,6.015
456.4,6.015
456.5,6.015
456.6,6.066
456.7,6.066
456.8,6.066
456.9,6.066
457,6.066
457.1,5.886
457.2,5.886
457.3,5.886
457.4,5.886
457.5,5.886
457.6,6.015
457.7,6.015
457.8,6.015
457.9,6.015
458,6.015
458.1,6.169
458.2,6.169
458.3,6.169
458.4,6.169
458.5,6.169
458.6,6.04
458.7,6.04
458.8,6.04
458.9,6.04
459,6.04
459.1,6.015
459.2,6.015
459.3,6.015
459.4,6.015
459.5,6.015
459.6,6.066
459.7,6.066
459.8,6.066
459.9,6.066
460,6.066
460.1,6.04
460.2,6.04
460.3,6.04
460.4,6.04
460.5,6.04
460.6,5.963
460.7,5.963
460.8,5.963
460.9,5.963
461,5.963
461.1,5.937
461.2,5.937
461.3,5.937
461.4,5.937
461.5,5.937
461.6,5.989
461.7,5.989
461.8,5.989
461.9,5.989
462,5.989
462.1,0.169
462.2,0.169
462.3,0.169
462.4,0.169
462.5,0.169
462.6,0.014
462.7,0.014
462.8,0.014
462.9,0.014
463,0.014