,Time [s],Current [A],Power [W],Voltage [V],Capacity [Ah],Energy [Wh]
0,0.0,0.0,0.0,4.101621218097305,0.0,0.0
1,0.06,0.0,0.0,4.092467682411156,0.0,0.0
2,0.12,0.0,0.0,4.093809802108357,0.0,0.0
3,0.24,0.0,0.0,4.11179163016104,0.0,0.0
4,0.48,0.0,0.0,4.0837001511663695,0.0,0.0
5,0.96,0.0,0.0,4.079841506895799,0.0,0.0
6,1.92,0.0,0.0,4.09343911352604,0.0,0.0
7,3.84,0.0,0.0,4.096818899474421,0.0,0.0
8,7.68,0.0,0.0,4.092172191183152,0.0,0.0
9,15.36,0.0,0.0,4.100781270239453,0.0,0.0
10,30.72,0.0,0.0,4.089494286086457,0.0,0.0
11,60.0,0.0,0.0,4.097731250918665,0.0,0.0
12,60.00000000000001,11.278894100299908,43.75999999579244,3.8837885857925625,2.2261489639932085e-17,8.63704169829787e-17
13,60.00310702586592,11.27892140825229,43.76000000000002,3.8990786471299894,9.73441682087479e-06,3.776762552577161e-05
14,60.00621405173184,11.278948701084703,43.76000000000055,3.9021315310538127,1.9468857197154052e-05,7.553525105145729e-05
15,60.01242810346367,11.279003173346794,43.75999999973971,3.8785549111314555,3.89378319756722e-05,0.00015107050210237845
16,60.02485620692733,11.279111567717472,43.76000000000001,3.8710266424782898,7.787615573727893e-05,0.0003021410042051193
17,60.04971241385465,11.279327022331868,43.76,3.889415789123542,0.00015575429086726983,0.0006042820084105147
18,60.07456862078197,11.279540944843705,43.75999999996355,3.8635709247053005,0.00023363390302565535,0.0009064230126156583
19,60.1242810346366,11.279965845672344,43.76000000000001,3.88839730722572,0.00038939899479960435,0.001510705021026449
20,60.17399344849124,11.280387636789698,43.759999999762485,3.8741523877451836,0.0005451699110887162,0.0021149870294339596
21,60.273418276200516,11.281224871179788,43.76000000000002,3.8792234879719807,0.0008567348664127916,0.0033235510462556275
22,60.372843103909794,11.282054896327569,43.7599999992809,3.885880509520519,0.0011683227453777873,0.004532115063057435
23,60.57169275932834,11.28369893649278,43.760000000000026,3.903072613721923,0.0017915893135356303,0.006949243096700685
24,60.77054241474689,11.285325698869626,43.759999995430874,3.872913123698571,0.0024149457375651634,0.009366371130091552
25,60.96939207016544,11.286940022840795,43.7599999891965,3.8775180037493002,0.0030383913304184193,0.01178349916313806
26,61.16824172558399,11.288545803946022,43.75999998700409,3.888939018614359,0.003661925620221522,0.014200627196063468
27,61.565941036421094,11.291743082922247,43.75999999390865,3.878442519659711,0.004909347409729251,0.019034883262677126
28,61.9636403472582,11.294937285598778,43.76000004962021,3.89225427554372,0.006157122069293405,0.023869139335445357
29,62.638550545528624,11.300395724714576,43.759999998895,3.8919887549654963,0.008275664380154897,0.03207304774532536
30,63.245969723972,11.305380235595594,43.75999999284967,3.8744412946596642,0.01018319348423698,0.039456565313197314
31,63.85338890241538,11.310456939092186,43.759999828026956,3.8613085134605236,0.012091579168059923,0.04684008285325913
32,64.46080808085877,11.3156458463438,43.75999975715394,3.864012531569206,0.014000840363488387,0.054223600381362806
33,65.06822725930215,11.320953079502864,43.759999872461115,3.870700893095409,0.01591099703536274,0.06160711792892189
34,66.2830656161889,11.331923760646383,43.75999997333248,3.850466440112957,0.019735012491404313,0.07637415305807962
35,67.49790397307567,11.343330918577607,43.76000149314031,3.8563449664180185,0.023562877351056423,0.09114118870010426
36,68.71274232996242,11.355158558639824,43.75999732520852,3.8513258781983337,0.02739473350815826,0.10590822293563906
37,69.92758068684918,11.36729024383232,43.76000872398999,3.8576196245795797,0.031230683564289406,0.12067526101775079
38,71.14241904373594,11.379715314818107,43.7599811779641,3.8441814859405503,0.03507082652398182,0.13544228980431564
39,72.3572574006227,11.39230843675004,43.75999999999336,3.849835641869181,0.03891521909688421,0.15020932494247022
40,73.57209575750946,11.405063637203048,43.75999998269114,3.832508707883796,0.04276391597721995,0.16497636007478608
41,74.78693411439622,11.417915850621771,43.76000116871494,3.827207300942489,0.04661694990250902,0.1797433956073317
42,76.00177247128298,11.430820290194116,43.76000115289057,3.825301714246216,0.050474338496733245,0.19451043113453734
43,78.43144918505651,11.456639052660824,43.76000201565908,3.8102279892823034,0.05820654103127726,0.22404450277124002
44,80.86112589883004,11.482320370354639,43.75998822446717,3.8022411559756497,0.06595607614903785,0.25357856510012666
45,83.29080261260357,11.50773530236612,43.7600083501335,3.7910731340367065,0.07372276406360134,0.2831126410120307
46,85.7204793263771,11.53276188613081,43.75996859061225,3.7900241156243912,0.0815063426747755,0.3126466900898284
47,88.15015604015063,11.557324460109285,43.760051448714854,3.7819882122878465,0.08930649881762348,0.3421807950894045
48,90.57983275392417,11.581305964141649,43.75988860987197,3.773411502363925,0.09712284032211277,0.37171479018738496
49,93.0095094676977,11.604755893226324,43.759955968523656,3.784515712933796,0.10495500842289003,0.4012488307464064
50,95.43918618147123,11.62761785047872,43.75982189112277,3.7617478602410364,0.11280260629176936,0.43078278081522253
51,97.86886289524476,11.650024702074052,43.76022244935696,3.771128682191197,0.12066532677330152,0.46031700122487595
52,100.29853960901829,11.671726676666136,43.760094541532034,3.757540105090662,0.12854269413880848,0.48985113530823393
53,102.72821632279182,11.692890958591246,43.7600000000013,3.7318213837004723,0.13643434549402575,0.5193852055845486
54,105.15789303656535,11.713522306864348,43.76000000353569,3.7425960904919737,0.14433992115659663,0.5489192758632487
55,107.58756975033889,11.733604659568622,43.760000007521505,3.7221333500477196,0.1522590506038129,0.5784533461446388
56,110.01724646411242,11.75315119377267,43.759999376249326,3.72796859910708,0.1601913722063043,0.607987415999977
57,114.87659989165947,11.790677688669069,43.76000119626429,3.7125998407596414,0.1761066694395089,0.6670555581673463
58,119.73595331920652,11.826258362224145,43.75999274107177,3.6792045093062287,0.19206999419160078,0.7261236889217244
59,124.59530674675356,11.860070601659631,43.76001639819106,3.6916968240490178,0.20807895939413543,0.7851918516089647
60,129.4546601743006,11.892241259671579,43.7599823806634,3.6703531104155616,0.2241313492070247,0.8442599683786521
61,134.31401360184768,11.92289593597306,43.76005796100582,3.6635218295354437,0.24022511732723517,0.9033281871682276
62,139.17336702939474,11.952124297684561,43.76001820754184,3.6552765708118478,0.2563583384862413,0.9623963522977665
63,144.0327204569418,11.980145347024164,43.760127855895526,3.659266477929984,0.27252938302917845,1.0214646654328898
64,148.89207388448887,12.006986463776993,43.759822497509184,3.640646192330906,0.2887366582589746,1.0805325663890348
65,153.75142731203593,12.033191635139689,43.760338172048854,3.653611156917619,0.3049793057635709,1.1396011634131915
66,158.610780739583,12.058329934830018,43.759997893091764,3.616922744826029,0.3212558854578236,1.1986693011218714
67,163.47013416713006,12.083023748457379,43.760000000037095,3.62138739512164,0.33756579736537884,1.257737441674549
68,167.8435522519224,12.10487228017631,43.760003952476175,3.618149913868818,0.3522712605165524,1.3108987729735335
69,172.21697033671475,12.126471632185996,43.759984563224016,3.6079200048926268,0.36700296338903116,1.3640600807177106
70,176.5903884215071,12.147944150121603,43.75999504602361,3.6054773057870753,0.3817607518999171,1.4172214011967947
71,185.3372245910918,12.1907875885124,43.760000000003004,3.6102584948500738,0.411380424626285,1.5235440541915315
72,193.20937714371803,12.229649259778059,43.75999937923063,3.58168923782227,0.4381231092479754,1.6192344405293464
73,201.08152969634426,12.269171741730073,43.76000265019163,3.560140314527099,0.4649522180383282,1.7149248340198011
74,208.9536822489705,12.309622196902211,43.760005820139206,3.5535735884670685,0.4918697802047749,1.8106152344420088
75,216.82583480159673,12.351209214548245,43.760004666789555,3.5471704031996416,0.5188782810787546,1.9063056323421763
76,224.69798735422296,12.394073604070993,43.76000709274823,3.527582292738961,0.5459805139009003,2.0019960355472097
77,232.5701399068492,12.438274891997313,43.76000096576777,3.5228861894174894,0.5731794020790402,2.0976864253543197
78,240.44229245947542,12.483785229815073,43.75999758863953,3.5006669999880238,0.6004778081244085,2.1933768077766325
79,248.31444501210166,12.530515963407524,43.75999873085706,3.4873226513443965,0.6278784006874815,2.289067192696643
80,256.1865975647279,12.578236197442386,43.760018710086094,3.478280160886726,0.6553833435178236,2.384757621305414
81,264.0587501173541,12.626609099031477,43.759999645672586,3.455791788179526,0.6829940638094776,2.4804480082258595
82,271.93090266998036,12.67528763723407,43.75995902434286,3.4679515810153623,0.7107112299007897,2.576138306319276
83,287.6752077752328,12.771933206139629,43.75999999990671,3.415206517687112,0.7665682335622808,2.7675190817093815
84,301.00705204119765,12.850785105176834,43.760004748775856,3.4134156620312153,0.8141584184838359,2.9295750729284262
85,313.005711880566,12.917986499716358,43.75998821009349,3.3917884797254354,0.8572135645448495,3.075425409902782
86,325.0043717199344,12.980904084808175,43.75995761412364,3.372962120537616,0.9004784124673719,3.221275644901962
87,337.00303155930277,13.039761629664742,43.759866978733186,3.379023697755986,0.9439394302953706,3.3671255778169145
88,349.00169139867114,13.09499610957232,43.759918672411935,3.3451814794152384,0.9875845424944291,3.512975683024885
89,361.0003512380395,13.146723535243705,43.76008960265223,3.3194636903173067,1.0314020601893201,3.6588263579366918
90,372.9990110774079,13.195395168800433,43.75995883530521,3.3002364472194223,1.0753817985438983,3.804676597006022
91,384.99767091677626,13.241791521717534,43.75981872583339,3.289361726619704,1.1195161741363762,3.9505263690959382
92,396.99633075614463,13.28643671449588,43.760057247564404,3.28183042985899,1.1637993504181905,4.096376936169497
93,408.994990595513,13.329342839803838,43.7600524241432,3.282121933116839,1.2082255311451702,4.24222748716678
94,420.9936504348814,13.370871162526864,43.75944475508325,3.2943895869153215,1.2527901241549424,4.388076012826746
95,432.99231027424975,13.412072375164378,43.75958905406825,3.2523149082029,1.2974920392023275,4.533925019429611
96,444.9909701136181,13.453417881227898,43.760994473413426,3.2651881597998202,1.3423317572116968,4.679778710240435
97,456.9896299529865,13.494135975693593,43.76076189899756,3.23403255115219,1.3873071870446219,4.825631625889787
98,468.98828979235486,13.53472096462121,43.75790657047353,3.221146525511524,1.4324178850655267,4.971475024840335
99,480.98694963172323,13.578352365667524,43.76000368614936,3.2186075655584943,1.4776740048473953,5.117325413395783
100,481.4327399160052,13.580000399519477,43.760000000003394,3.215759545723161,1.4793556249136872,5.1227442419625
101,482.3243204845691,13.583285299656605,43.75999999999439,3.2132767368239747,1.482719678588808,5.133581899095931
102,483.1082232524422,13.586179120529444,43.75999998240295,3.2348870459932204,1.4856780795380864,5.1431106727371345
103,484.6760287881884,13.59199607157182,43.75999999999999,3.206396578870479,1.491597414727767,5.162168220027205
104,487.8116398596808,13.603760753593095,43.75999999999885,3.2286673798859806,1.5034463321813507,5.200283314607345
105,490.9472509311732,13.615685902406378,43.75999914941711,3.2345854505491265,1.515305636476225,5.238398408446625
106,494.0828620026656,13.627785983986186,43.759998132604814,3.215919952821154,1.5271754799793684,5.276513501400259
107,500.3540841456504,13.652486426743778,43.7599997376297,3.2121225944925595,1.5509581953088671,5.35274369010349
108,506.6253062886352,13.677990661719342,43.75999699033235,3.20183297870164,1.5747853391725652,5.428973874020913
109,512.89652843162,13.704417776332116,43.759999996286645,3.1876798926495344,1.5986585192324676,5.505204063174726
110,519.1677505746048,13.731875234777117,43.7599971376184,3.1865033980622246,1.6225795303538675,5.581434247348722
111,525.4389727175896,13.760442569531131,43.75999994921007,3.1712472739110056,1.6465503059481215,5.657664436420528
112,537.9814170035593,13.821272645853773,43.760000000000424,3.1530436093526335,1.6947037898708484,5.810124814741093
113,550.5238612895289,13.887646996277113,43.76000031160798,3.1464187410137394,1.7430885228469648,5.962585194147303
114,563.0663055754985,13.960443825192906,43.759992200046185,3.1209451081030157,1.7917268808705455,6.115045545292733
115,575.6087498614681,14.040297954611232,43.76002717677743,3.119362729163504,1.8406434516633579,6.2675060182975235
116,583.8090387549248,14.097149773019977,43.7600008104135,3.080783693767443,1.8727547574169945,6.367185087359548
117,592.0093276483815,14.157757573237706,43.760000099655485,3.088885088532523,1.9050041191347926,6.466864154802567
118,599.3895876524925,14.215843199860823,43.759998538010656,3.073064939567789,1.934147624410528,6.5565753122998
119,606.7698476566036,14.277773876917866,43.75999804169145,3.0490222416680037,1.963418092047072,6.646286468779542
120,614.1501076607146,14.34385136175758,43.760000000854085,3.0597434591874357,1.992824023299876,6.73599762927571
121,621.5303676648257,14.41449084318366,43.75999969078515,3.0206650682454703,2.022374770591424,6.825708789136215
122,628.9106276689367,14.490425585488445,43.75999999955245,3.0210164884491855,2.0520811895889595,6.9154199496297135
123,636.2908876730478,14.572471853801616,43.76000002356504,3.0022670975005687,2.0819558093621944,7.0051311101724405
124,638.1359526740755,14.594012782845137,43.75999999999557,3.0062276913504493,2.0894355044205772,7.027558900296041
125,641.826082676131,14.63857852873071,43.75999999999921,2.9869021227713457,2.1044405760362204,7.072414480543249
126,645.5162126781865,14.685256178814349,43.75999772264155,2.981856467245152,2.119493493928808,7.117270058456083
127,649.2063426802421,14.734289869343067,43.759991255966355,2.9874628086168307,2.134596673124876,7.16212562974034
128,649.2070724178645,14.734384564965033,43.760000000002464,2.9829483455543633,2.134599659856754,7.162134500106551
129,649.2076521431587,14.734391280856139,43.75999999999812,2.9550678001485027,2.134602032606565,7.162141546989572
130,649.2081498313622,14.734397080983161,43.75999999999932,2.971813663025537,2.1346040695886797,7.162147596666179
131,649.2091452077691,14.734408798908206,43.76000000000001,2.9821801875048664,2.1346081435561484,7.162159696019391
132,649.2111359605829,14.734432642092361,43.760000000000005,2.96814136573363,2.1346162915042712,7.162183894725816
133,649.2151174662104,14.734481554457304,43.76,2.9577332194233916,2.134632587454612,7.162232292138666
134,649.2230804774655,14.734560193878131,43.759999999969516,2.9624435198384247,2.134665179529241,7.162329086964366
135,649.2302471875951,14.734649867080577,43.75999999991299,2.971461221757883,2.1346945125749235,7.162416202307497
136,649.2445806078542,14.734835743420954,43.75999999999872,2.9752125240227754,2.1347531794063572,7.162590432993759
137,649.2732474483726,14.735220655179342,43.75999999999965,2.968866116329127,2.1348705161342805,7.162938894366282
138,649.3305811294093,14.73599957999079,43.760000000000005,2.977938229717248,2.135105201995302,7.163635817111329
139,649.4452484914829,14.737564863205183,43.760000000000005,2.963032561965418,2.1355746235748163,7.165029662601423
140,649.6745832156298,14.740707180545163,43.76000000000001,2.969208590224544,2.136513666912311,7.167817353581609
141,650.1332526639238,14.747028946859473,43.76000000000001,2.9670807323616586,2.138392559032042,7.173392735541983
142,651.0505915605119,14.759817939934763,43.75999999999979,2.963809294943611,2.1421536021161702,7.184543499462731
143,651.5092610088059,14.766274272241994,43.75999999999997,2.9574819372815204,2.1440349462477832,7.190118881423104
144,652.4265999053939,14.77933615021702,43.75999999999982,2.9672031992554575,2.1478009628912123,7.201269645343853
145,652.8852693536879,14.785932074200367,43.759999999999984,2.9483249945384906,2.1496848115875973,7.206845027304226
146,653.802608250276,14.799269065542385,43.76000000000014,2.9412375159710864,2.153455907463957,7.217995791224975
147,654.26127769857,14.805993739462535,43.76000000000003,2.951536779715669,2.1553423121806023,7.2235711731853485
148,655.178616595158,14.819623137262063,43.7600000000001,2.9493670471984377,2.159118594607432,7.234721937106096
149,655.637286043452,14.826512861182199,43.75999999999998,2.951036416255876,2.1610076136280325,7.24029731906647
150,656.5546249400401,14.840472809116678,43.75999999999985,2.950017557782914,2.164789208892355,7.251448082987218
151,657.0132943883341,14.847531733474042,43.75999999999999,2.9557541197938755,2.166680905889222,7.257023464947592
152,657.9306332849221,14.861841229277488,43.75999999999989,2.95065318829859,2.1704679461765917,7.26817422886834
153,658.3893027332161,14.869080265355667,43.760000000000026,2.9519249509401067,2.172362388632689,7.273749610828713
154,658.8479721815102,14.876381266992615,43.759999829993475,2.946917861454671,2.1742577612961176,7.279324992767427
155,659.3066416298042,14.883746675207528,43.75999964621979,2.942271724598261,2.1761540723728023,7.284900374682726
156,660.2239805263922,14.89869562748109,43.76000000000041,2.93647747736843,2.1799505037637785,7.296051138603475
157,661.1413194229802,14.913924853223335,43.75999839989151,2.9330937929040504,2.1837508158106265,7.307201902116488
158,662.0586583195683,14.929449123978845,43.7599966137226,2.9293542839163393,2.1875550836956426,7.318352665174357
159,662.9759972161563,14.945286399136128,43.759994564413866,2.940273578366716,2.191363387177469,7.329503427710029
160,663.8933361127444,14.961455531136838,43.759992244830585,2.9182328742828982,2.195175810818659,7.340654189654633
161,665.7280139059204,14.994981872531374,43.76000000016326,2.911945826816828,2.2028177442216066,7.362955717496212
162,667.1510452661063,15.022043600950767,43.75999339740682,2.906086104639896,2.2087557550933377,7.380253451642333
163,668.5740766262921,15.050147056727345,43.759940751778394,2.906069380212973,2.2147048748814298,7.397551164978349
164,669.1578160219728,15.06210121675987,43.76000000000147,2.9018707703831756,2.2171471920653056,7.404646841632513
165,669.7415554176536,15.07415908419398,43.759999999998385,2.9092924503572895,2.219591464430362,7.411742518286676
166,670.2669208737663,15.085209944120827,43.759999803875154,2.9134642076862316,2.2217929222644863,7.418128627246802
167,670.792286329879,15.096453435321589,43.75999591815235,2.8991118521968677,2.2239960209158007,7.424514735639866
168,671.3176517859916,15.107910704081212,43.7599943670801,2.899798271665375,2.2262007915819004,7.430900843806573
169,672.3683826982169,15.131471309218076,43.76000004201589,2.8979956145632593,2.230617209540802,7.443673061796331
170,673.4191136104422,15.155984778856686,43.75999724399382,2.881198491728593,2.2350407822386797,7.45644527896943
171,673.4201397148487,15.156012289067199,43.7600000000071,2.8835004750640167,2.235045102141734,7.456457751838549
172,673.4221919236617,15.156059529382834,43.76000000000144,2.9033852909173428,2.235053741974772,7.456482697576787
173,673.4262963412875,15.15615516299052,43.759999999986995,2.9001368597366564,2.2350710217498806,7.4565325890532606
174,673.4345051765392,15.156350588760297,43.759999999999195,2.8793458072983182,2.2351055817457137,7.45663237200621
175,673.4509228470428,15.156741752301777,43.760000000000005,2.8940337290745948,2.2351747035212686,7.456831937912108
176,673.4591316822945,15.156937533483072,43.75999999999999,2.897341370384591,2.235209264855472,7.456931720865057
177,673.4632360999203,15.157035523608851,43.76000000000001,2.889283857022916,2.235226545634294,7.456981612341531
178,673.471444935172,15.157231376027836,43.76,2.8868745459712035,2.2352611076385265,7.45708139529448
179,673.4878626056756,15.157623355012927,43.75999999999999,2.8821314977111405,2.2353302334345986,7.457280961200379
180,673.5206979466826,15.15840818169492,43.76000000000001,2.8756200563537258,2.2354684921850905,7.457680093012175
181,673.5863686286967,15.159981315855388,43.76,2.8903229894402385,2.235745038382961,7.458478356635769
182,673.7177099927248,15.163141759372316,43.76000000000001,2.895632055628683,2.236298246083413,7.460074883882955
183,673.9803927207812,15.16952008335517,43.760000000000055,2.8960366438689302,2.237405126894191,7.463267938377329
184,674.2430754488375,15.175971864989087,43.75999982582876,2.8940209993151704,2.2385124784748585,7.466460992858995
185,674.7684409049502,15.189118660629939,43.760000000003544,2.888378871099617,2.240729100211828,7.4728471018477425
186,675.0311236330066,15.19580453203342,43.76000000000033,2.8568963058882297,2.24183789893113,7.476040156342116
187,675.1624649970347,15.199176636327547,43.759999999851026,2.8749282618511662,2.242392421317663,7.477636683589298
188,675.425147725091,15.205988623135845,43.760000000000055,2.8908994076684755,2.243501963143863,7.4808297380836715
189,675.5564890891192,15.20942561099652,43.75999999999999,2.876418039302206,2.244056859451039,7.482426265330858
190,675.6221597711333,15.211151981907038,43.75999999998915,2.89284116278213,2.2443343390968367,7.483224528954452
191,675.7535011351614,15.214622607366096,43.75999999994351,2.876273776345216,2.244889425009732,7.4848210562016355
192,675.8191718171755,15.216366082101406,43.75999999998835,2.866891927895463,2.245166999770395,7.48561931982523
193,675.9505131812036,15.21987144698427,43.75999999994011,2.8724281630762216,2.245722277180445,7.487215847072414
194,676.21319590926,15.226957495624944,43.760000000000126,2.8634882535224637,2.2468333490512644,7.490408901566788
195,676.7385613653727,15.24144325292609,43.760000000008354,2.8733474383657147,2.2490576067697057,7.4967950105555365
196,677.2639268214854,15.256353089557509,43.75999768105402,2.8764133343836815,2.2512840403529037,7.503181119205869
197,677.6195893631725,15.26669360893786,43.76000000000453,2.8642129331655273,2.2527923156451575,7.507504394990378
198,677.9752519048596,15.277257734542793,43.75999912892511,2.865569060340057,2.2543016346217897,7.511827670688828
199,678.295348192378,15.28696192823377,43.75999978232674,2.869969211792814,2.255660884555307,7.515718618875531
200,678.6154444798964,15.296862348530007,43.759995999779235,2.8678275998647313,2.257021014790986,7.519609566725905
201,679.2556370549331,15.317347181411215,43.759999999976266,2.8581433829217864,2.259744918106208,7.527391463138015
202,679.8958296299699,15.338760437627641,43.76000009731205,2.8424745667340026,2.2624726293679958,7.535173359567433
203,680.5360222050066,15.361175291422924,43.75998407059236,2.8406988555350425,2.26520432669172,7.5429552531468
204,681.1762147800433,15.384766192970318,43.759971407325125,2.8491087178513332,2.2679402192154465,7.550737144474241
205,681.8164073550801,15.409702331451435,43.75995527429769,2.8408614677042068,2.2706805461643693,7.558519032932726
206,682.4565999301168,15.43602538475768,43.759999999997056,2.810787955104329,2.2734255541753137,7.566300929344839
207,683.0967925051535,15.464205344467326,43.759995055759816,2.835255734594915,2.276175573464306,7.574082824877712
208,683.1915690768227,15.46850510640213,43.76000000003327,2.8110093623519328,2.276582810098426,7.5752348867600015
209,683.2389573626573,15.47068932948498,43.75999999999743,2.8226326474286143,2.276786457167316,7.575810917701147
210,683.3337339343265,15.475089991248757,43.76000000000139,2.849288070972019,2.27719386716055,7.576962979583437
211,683.4285105059956,15.479536475731885,43.759999995427684,2.8062149615541254,2.277601394215605,7.5781150414656056
212,683.5232870776648,15.484027998029166,43.76000000268537,2.8207559971928755,2.2780090395181833,7.5792671033479655
213,683.618063649334,15.488567099171656,43.759999987693924,2.8390807790182104,2.2784168043208854,7.580419165229931
214,683.7128402210031,15.493157677130046,43.75999999990999,2.802713322197924,2.2788246899789324,7.581571227112218
215,683.8076167926723,15.497808509154794,43.76000104978619,2.8224943302581074,2.279232698078622,7.582723289022146
216,683.9971699360107,15.50723122213261,43.75999999999707,2.8235003179207108,2.280049210418241,7.585027412786726
217,684.186723079349,15.516885601559041,43.759999206644665,2.8374080595012416,2.2808662310961845,7.587331536509532
218,684.2814996510182,15.521794737524008,43.76000000000001,2.819419499321713,2.281274870677122,7.5884835983918215
219,684.4710527943565,15.53179332560501,43.760000000000524,2.809935633943439,2.282092676301164,7.590787722156401
220,684.6606059376949,15.542043045304581,43.75999908562774,2.8237312620165165,2.282911021610369,7.593091845872836
221,685.0397122243716,15.563321891755992,43.76000000010612,2.8211284227171447,2.284549953046685,7.597700093402006
222,685.4188185110482,15.585813205145628,43.7599903166076,2.803254912053154,2.2861912529825292,7.602308339911433
223,685.7979247977249,15.609621068546398,43.75997855091943,2.8029094599149373,2.2878350600602313,7.606916585181848
224,686.1770310844016,15.63480764193911,43.759996173686254,2.801152489019614,2.28948151946802,7.611524832308068
225,686.5907586144697,15.664344931393936,43.76000000002181,2.7966992067661955,2.2912817335620757,7.616553920284676
226,686.9334537144074,15.69044505159403,43.75999959010564,2.785499846784645,2.292775355405137,7.620719569571566
227,687.0191274893918,15.697217518743585,43.760000000001085,2.7881272749453623,2.2931489220389105,7.621760981903044
228,687.1904750393608,15.711114276190036,43.76000000000916,2.791366513666815,2.2938967167440514,7.623843806566001
229,687.2761488143452,15.718259699189005,43.760000000003515,2.8048322367945464,2.2942707841453336,7.624885218897478
230,687.3618225893297,15.725536125059818,43.75999966495981,2.782381901166774,2.2946450247129695,7.625926631220982
231,687.4474963643141,15.732947237438824,43.75999931180244,2.7820689547824418,2.2950194416522645,7.626968043536081
232,687.618843914283,15.748168099411684,43.76000000000971,2.777115319514921,2.295768999991246,7.629050868199037
233,687.790191464252,15.764022167139153,43.75999652342219,2.7872765267880704,2.2965193129290222,7.631133692696521
234,687.9615390142209,15.78053300671736,43.75999268697092,2.781504488051275,2.2972704117256626,7.633216517011401
235,688.3042341141586,15.815738926520243,43.76000074895142,2.7468579602541956,2.2987759606789995,7.637382166408606
236,688.6469292140963,15.854398042135756,43.76000000001884,2.757735349675137,2.3002851897127505,7.6415478157345165
237,688.9312096512019,15.889518514191273,43.759998354463605,2.7399977561285978,2.3015399339540314,7.645003402251169
238,689.187062044597,15.923950513979008,43.75999561624745,2.732800953710112,2.302671650857172,7.648113429921552
239,689.4429144379922,15.961510286762552,43.7599685203711,2.7498415818562565,2.303806037137469,7.651223455666227
240,689.4451212509993,15.962029512643285,43.76000000000193,2.75424449567183,2.3038158219192324,7.651250280704335
241,689.4495348770134,15.96267496075262,43.760000001610955,2.738559061740843,2.3038353922740833,7.651303930780554
242,689.4517416900205,15.963001583496318,43.76000000000235,2.729018362860594,2.3038451776517297,7.6513307558186625
243,689.4561553160347,15.963685635709684,43.75999999999726,2.730969273043274,2.303864749245675,7.651384405894879
244,689.4649825680631,15.96504690279738,43.76000000000099,2.752705561412083,2.3039038957714126,7.651491706047313
245,689.4738098200914,15.966413486954181,43.759999997576564,2.738729729267144,2.3039430456480345,7.651599006199741
246,689.4914643241483,15.969162544781579,43.759999999999884,2.749606418404052,2.304021358882738,7.65181360650461
247,689.526773332262,15.974720258029286,43.759999999999415,2.7418582806764853,2.3041780398625167,7.652242807114348
248,689.5973913484893,15.986072700857012,43.76000000000293,2.734439926566546,2.3044916245129055,7.653101208333823
249,689.6680093647166,15.9977780027656,43.75999861135252,2.7472642540429075,2.30480543877585,7.653959609526056
250,689.7386273809439,16.00984282172164,43.75999714252915,2.7291941573985756,2.305119489703678,7.6548180106894765
251,689.8798634133984,16.035155034813798,43.75999940642357,2.726706268623216,2.305748584613931,7.656534813105137
252,690.021099445853,16.062295087976345,43.75999713377379,2.731083007547094,2.3063787442890256,7.658251615431636
253,690.1908032676091,16.097161937687545,43.75999440728425,2.710679799035979,2.3071375637057625,7.660314459401343
254,690.3413761467287,16.13072376837495,43.76000000005674,2.726030957445996,2.3078122441280087,7.662144756398644
255,690.4768917379364,16.16353130133542,43.75999939709178,2.680535290228951,2.308420691489204,7.663792023673516
256,690.612407329144,16.19913570544344,43.75998801704751,2.722982851300164,2.3090304791148086,7.665439290520008
257,690.7479229203517,16.237964214912694,43.75997849477717,2.6922248782721296,2.3096417283705293,7.6670865570080515
258,690.7644975222229,16.242944531186065,43.75999999999907,2.680234275140152,2.309716511797979,7.667288030501908
259,690.7727848231585,16.245458373117426,43.75999999999998,2.697634265730174,2.309753909298639,7.667388767248836
260,690.7738207357755,16.245776467456345,43.75999999999987,2.696676223834941,2.309758584077754,7.667401359342202
261,690.7758925610094,16.2464086662966,43.75999999999284,2.681882301413887,2.3097679339998196,7.667426543528935
262,690.7800362114772,16.247674318397994,43.759999999994506,2.690267207830443,2.3097866353007332,7.667476911902398
263,690.7883235124128,16.2502103809839,43.759999999999934,2.7000598543736554,2.3098240437406488,7.667577648649327
264,690.804898114284,16.255321931667954,43.7599999999998,2.6752905228132606,2.3098988841543444,7.667779122143182
265,690.8380473180265,16.265705272108008,43.75999999999802,2.6947762415632335,2.3100486605927,7.668182069130896
266,690.871196521769,16.27634926698767,43.7599991034825,2.6774718282358236,2.3101985350421548,7.668585016110355
267,690.9043457255115,16.2872545136467,43.75999818848224,2.6797969604714553,2.310348509908343,7.668987963081389
268,690.9706441329963,16.309935942292213,43.75999942057882,2.6807320930681526,2.310648877346997,7.6697938570461455
269,691.0369425404812,16.333907034900317,43.75999954342688,2.6828545770108096,2.310949686242669,7.670599751013164
270,691.1131157652293,16.363005756551114,43.7600000000004,2.6759760837541395,2.311295914830182,7.671525678878436
271,691.180394809307,16.39052247892176,43.75999942970959,2.663752859541635,2.3116022311313813,7.67234349302579
272,691.240945948977,16.416951217153418,43.759998752306515,2.6498916970922206,2.3118783603275217,7.673079525747014
273,691.301497088647,16.445220787534833,43.75998818205051,2.655075638822854,2.31215496501108,7.67381555829045
274,691.362048228317,16.47580736565237,43.759973703579966,2.665315944098279,2.3124320841535724,7.674551590590361
275,691.3704529399137,16.480299944887726,43.75999999992381,2.6482966081029717,2.312470559755812,7.6746537545291025
276,691.374655295712,16.482544704642194,43.76000000000438,2.6495089788863915,2.312489800177288,7.674704836498473
277,691.3830600073087,16.487069432619922,43.75999999999976,2.6508515785718805,2.3125282915838583,7.674807000437215
278,691.3998694305021,16.496270807544683,43.75999999999606,2.6545912552550672,2.312605317360836,7.6750113283146995
279,691.4334882768889,16.515402215852255,43.76000000013172,2.662804486610494,2.312759547574755,7.675419984069668
280,691.4671071232756,16.53565585294406,43.75999279716078,2.6490382822048835,2.3129139669286505,7.675828639757372
281,691.5007259696623,16.55712354896398,43.759984088751835,2.6374861827123404,2.313068586760095,7.676237295363751
282,691.5009781404976,16.55719898198094,43.759999999165196,2.6556420872064974,2.3130697465497336,7.6762403606403495
283,691.5014824821682,16.557522278951886,43.76000000304955,2.6200451131247697,2.313072066174302,7.676246491193545
284,691.5019054948347,16.55784766066417,43.7599999985337,2.6342869341552615,2.31307401177966,7.676251633147514
285,691.5027515201676,16.55839414780017,43.760000000356186,2.6486258232605513,2.3130779031188053,7.6762619170554505
286,691.5035975455006,16.55894044734645,43.76000000002896,2.6536493850377894,2.313081794586335,7.676272200963387
287,691.5037032986672,16.559018700588457,43.76000000014349,2.639048707424358,2.3130822810220746,7.67627348645188
288,691.5039148050005,16.55916370316362,43.760000000003124,2.6441014005586423,2.3130832539020734,7.676276057428864
289,691.504337817667,16.55944101826394,43.76000000000234,2.62939552942863,2.313085199694657,7.676281199382832
290,691.5051838429999,16.560002466539817,43.75999999999261,2.641611628673245,2.313089091411768,7.676291483290769
291,691.506875893666,16.561131924627844,43.75999999999325,2.6414718648339224,2.3130968753768526,7.676312051106643
292,691.510259994998,16.5633998023824,43.75999999998785,2.6563980242488157,2.31311244543889,7.67635318673839
293,691.5170281976621,16.567972872537162,43.75999999999999,2.6255779842297886,2.313143594160594,7.676435458001884
294,691.5305646029901,16.577279382022414,43.76000000000105,2.65516133856653,2.313205926597525,7.676600000528872
295,691.5441010083182,16.58683663909376,43.759999250248896,2.6438355998762266,2.3132682949708183,7.67676454305304
296,691.5576374136463,16.59665362892094,43.75999843160891,2.6139067659606146,2.3133307002570995,7.67692908557413
297,691.5847102243024,16.61714449437045,43.759999755618836,2.6363393048174246,2.313455664925583,7.677258170626269
298,691.6117830349585,16.63893112182031,43.75999894448873,2.641234313194979,2.313580793434411,7.677587255672306
299,691.6482421061032,16.67024110262904,43.75999812815741,2.646169048774909,2.313749621630622,7.678030435918153
300,691.6810552701335,16.700275176585397,43.759996957874016,2.6251792162403227,2.313901840760822,7.678429298128748
301,691.7138684341637,16.732229159117217,43.75998435518461,2.6158973768060116,2.314054351144152,7.678828160224472
302,691.746681598194,16.7663675500794,43.75997024302939,2.6020654522267352,2.3142071726909887,7.679227022191568
303,691.7794947622242,16.802663032382476,43.759973828617824,2.601922480746019,2.3143603250627187,7.679625884191345
304,691.8123079262544,16.84051230342545,43.760000002237334,2.593573186838199,2.3145138224217647,7.680024746429689
305,691.8451210902847,16.879578244077983,43.75999995335991,2.5983333149816934,2.314667675857788,7.680423608667588
306,691.8689942981805,16.908589848272175,43.75999975152499,2.586986041777088,2.314779804269086,7.680713800770806
307,691.8928675060763,16.938166217219447,43.75999853679697,2.5847972787116014,2.3148921288144964,7.6810039928659695
308,691.9054133384484,16.95403210387434,43.76000000000747,2.5980209152676195,2.314951212826942,7.681156494428359
309,691.9179591708205,16.97013841099206,43.759999912599035,2.5820769636177916,2.315010352969119,7.681308995990444
310,691.9305050031926,16.986533673323727,43.7599995287844,2.5861135064700327,2.3150695502480216,7.681461497551191
311,691.9555966679369,17.020371005499783,43.75999999998968,2.56778792698233,2.315188180648881,7.681766500675972
312,691.9806883326812,17.055781082933688,43.75999817052315,2.5803949814607607,2.3153070578546826,7.682071503788002
313,692.0057799974255,17.093182689267984,43.75999104218861,2.560329858665945,2.315426195746197,7.682376506850348
314,692.0308716621698,17.132994632788684,43.75998636812111,2.5458810923381474,2.3155456111232504,7.6826815098801156
315,692.0311783288121,17.13372311670909,43.76000000727898,2.5442757290486417,2.3155470706625105,7.682685237583523
316,692.0317916620966,17.13469288795871,43.76000000134865,2.5581728064250986,2.315549989906252,7.682692692990337
317,692.0323278816467,17.135536316553335,43.75999999898883,2.5566933082931973,2.3155525422422447,7.682699211036868
318,692.0334003207469,17.13727801591292,43.7599999999733,2.5535671125304775,2.3155576474330823,7.682712247129931
319,692.0344727598471,17.13903646289672,43.75999999108762,2.54727150949643,2.315562753147761,7.68272528322299
320,692.0366176380476,17.142585433680797,43.75999999999978,2.537494312577491,2.315572966691593,7.682751355409117
321,692.0409073944485,17.149762409199514,43.75999999999976,2.554603968593322,2.3155934023313347,7.682803499781369
322,692.0494869072504,17.164425547900684,43.760000000003885,2.527603832037749,2.3156343085559805,7.682907788525872
323,692.0666459328542,17.195080999240833,43.760000000173314,2.5593073776968924,2.3157162671212927,7.683116366014878
324,692.0838049584579,17.22772810597554,43.75998111192788,2.5401431808174717,2.315798381295644,7.683324943413855
325,692.0992480815013,17.258996655322537,43.75999968764518,2.5462870442093397,2.31587241818702,7.68351266315262
326,692.1081853400697,17.27805588149155,43.760000000181655,2.5183163410007885,2.315915312201734,7.6836213004956635
327,692.1123620204936,17.287216801940314,43.76000000000231,2.526130519815064,2.315935368640624,7.683672070366595
328,692.1156663722262,17.29456561534214,43.76000000000503,2.537972661926315,2.3159512428983615,7.683712236597655
329,692.11832435204,17.300554744535283,43.75999983823055,2.529827433165898,2.315964016377605,7.683744545818827
330,692.1236403116675,17.31274344184451,43.75999898578491,2.5232548716988545,2.3159895813345988,7.683809164259913
331,692.128956271295,17.32537556808548,43.76000668657138,2.5308162167489345,2.3160151649448912,7.683873782712371
332,692.1342722309225,17.33819815843496,43.7600051761724,2.5208549329443355,2.316040767489731,7.683938401162597
333,692.1449041501776,17.365026156541784,43.760000000062846,2.508351864428667,2.3160920518108306,7.684067638047765
334,692.1555360694326,17.393650020976153,43.75999821634617,2.514785988803919,2.3161434206671014,7.684196874927664
335,692.1661679886877,17.424327738918024,43.75999568171922,2.499830612487555,2.3161948801242103,7.684326111800078
336,692.1767999079427,17.457511006821488,43.75998818183179,2.5070349812935655,2.316246437581827,7.684455348650341
337,692.1874318271978,17.493652205622542,43.75998382355514,2.4837263883277103,2.316298101775639,7.684584585487734
338,692.1898240090302,17.50238145683921,43.75999999683847,2.4826027832560387,2.316309732019791,7.6846136637868945
339,692.190261590803,17.50400064404178,43.760001610033186,2.4872558628085852,2.3163118596396886,7.68461898283664
340,692.1902615908031,0.0,0.0,3.1342471268712506,2.3163118596396886,7.68461898283664
341,692.1902774482487,0.0,0.0,3.1146613844692705,2.3163118596396886,7.68461898283664
342,692.1902933056944,0.0,0.0,3.140998061683188,2.3163118596396886,7.68461898283664
343,692.1903250205856,0.0,0.0,3.1268714928934043,2.3163118596396886,7.68461898283664
344,692.1903884503682,0.0,0.0,3.1481861319828117,2.3163118596396886,7.68461898283664
345,692.1905153099334,0.0,0.0,3.131870124803652,2.3163118596396886,7.68461898283664
346,692.1906421694986,0.0,0.0,3.1433554233622547,2.3163118596396886,7.68461898283664
347,692.1907690290637,0.0,0.0,3.142806544447615,2.3163118596396886,7.68461898283664
348,692.1908958886289,0.0,0.0,3.137638254849381,2.3163118596396886,7.68461898283664
349,692.1911496077593,0.0,0.0,3.1394151429044594,2.3163118596396886,7.68461898283664
350,692.1914033268896,0.0,0.0,3.156759438626932,2.3163118596396886,7.68461898283664
351,692.1916570460199,0.0,0.0,3.1370671321593626,2.3163118596396886,7.68461898283664
352,692.1921644842807,0.0,0.0,3.149495696031393,2.3163118596396886,7.68461898283664
353,692.1926719225415,0.0,0.0,3.152643624526751,2.3163118596396886,7.68461898283664
354,692.1929256416719,0.0,0.0,3.155747614093265,2.3163118596396886,7.68461898283664
355,692.1931793608022,0.0,0.0,3.1546178902778887,2.3163118596396886,7.68461898283664
356,692.1932873820773,0.0,0.0,3.155113237931725,2.3163118596396886,7.68461898283664
357,692.1933846012248,0.0,0.0,3.1659861496407213,2.3163118596396886,7.68461898283664
358,692.1935790395199,0.0,0.0,3.1514228322549727,2.3163118596396886,7.68461898283664
359,692.1939679161101,0.0,0.0,3.140377754369045,2.3163118596396886,7.68461898283664
360,692.1943567927002,0.0,0.0,3.171981365771936,2.3163118596396886,7.68461898283664
361,692.1947456692903,0.0,0.0,3.181602540508319,2.3163118596396886,7.68461898283664
362,692.1955234224706,0.0,0.0,3.153087251645349,2.3163118596396886,7.68461898283664
363,692.1963011756509,0.0,0.0,3.1558707952002454,2.3163118596396886,7.68461898283664
364,692.1970789288312,0.0,0.0,3.1734330072188595,2.3163118596396886,7.68461898283664
365,692.1986344351918,0.0,0.0,3.1692478710134604,2.3163118596396886,7.68461898283664
366,692.1999099696209,0.0,0.0,3.158777216373418,2.3163118596396886,7.68461898283664
367,692.2011855040499,0.0,0.0,3.175155087204721,2.3163118596396886,7.68461898283664
368,692.2023334850361,0.0,0.0,3.1774986343143556,2.3163118596396886,7.68461898283664
369,692.2034814660223,0.0,0.0,3.169478798813732,2.3163118596396886,7.68461898283664
370,692.203764714182,0.0,0.0,3.183523495580834,2.3163118596396886,7.68461898283664
371,692.2043312105013,0.0,0.0,3.181461940607378,2.3163118596396886,7.68461898283664
372,692.2048977068207,0.0,0.0,3.181859034283056,2.3163118596396886,7.68461898283664
373,692.205186700316,0.0,0.0,3.199469347965338,2.3163118596396886,7.68461898283664
374,692.2053463639555,0.0,0.0,3.198298599761263,2.3163118596396886,7.68461898283664
375,692.2054748739929,0.0,0.0,3.189488968585092,2.3163118596396886,7.68461898283664
376,692.2057318940675,0.0,0.0,3.1782463299870622,2.3163118596396886,7.68461898283664
377,692.2062459342169,0.0,0.0,3.183645568957454,2.3163118596396886,7.68461898283664
378,692.2072740145155,0.0,0.0,3.1826196073902784,2.3163118596396886,7.68461898283664
379,692.2083020948141,0.0,0.0,3.1834024181493583,2.3163118596396886,7.68461898283664
380,692.2093301751128,0.0,0.0,3.1554759348879315,2.3163118596396886,7.68461898283664
381,692.21138633571,0.0,0.0,3.1795318086810984,2.3163118596396886,7.68461898283664
382,692.2134424963073,0.0,0.0,3.1797151649454864,2.3163118596396886,7.68461898283664
383,692.2154986569045,0.0,0.0,3.1887538011378367,2.3163118596396886,7.68461898283664
384,692.2179514260671,0.0,0.0,3.188411281917512,2.3163118596396886,7.68461898283664
385,692.2204041952297,0.0,0.0,3.2059905348457285,2.3163118596396886,7.68461898283664
386,692.2228569643922,0.0,0.0,3.2043916127107623,2.3163118596396886,7.68461898283664
387,692.2250644566386,0.0,0.0,3.183857341844515,2.3163118596396886,7.68461898283664
388,692.225884365097,0.0,0.0,3.1872548927149653,2.3163118596396886,7.68461898283664
389,692.2267042735555,0.0,0.0,3.2063451895834114,2.3163118596396886,7.68461898283664
390,692.227320367892,0.0,0.0,3.1911112275313944,2.3163118596396886,7.68461898283664
391,692.2285525565652,0.0,0.0,3.192255883008189,2.3163118596396886,7.68461898283664
392,692.2297847452384,0.0,0.0,3.1775215694528502,2.3163118596396886,7.68461898283664
393,692.2310169339115,0.0,0.0,3.204599397418395,2.3163118596396886,7.68461898283664
394,692.2334813112578,0.0,0.0,3.1943604920220374,2.3163118596396886,7.68461898283664
395,692.2361565934696,0.0,0.0,3.2003975445627177,2.3163118596396886,7.68461898283664
396,692.2388318756813,0.0,0.0,3.1729453012054893,2.3163118596396886,7.68461898283664
397,692.241507157893,0.0,0.0,3.204969464899377,2.3163118596396886,7.68461898283664
398,692.2468577223163,0.0,0.0,3.20766725169423,2.3163118596396886,7.68461898283664
399,692.2516732302973,0.0,0.0,3.2001432835844543,2.3163118596396886,7.68461898283664
400,692.2532204632836,0.0,0.0,3.1935280801740094,2.3163118596396886,7.68461898283664
401,692.2541402145899,0.0,0.0,3.217756479918067,2.3163118596396886,7.68461898283664
402,692.2549679907656,0.0,0.0,3.1942356953696707,2.3163118596396886,7.68461898283664
403,692.2557129893238,0.0,0.0,3.203318086786814,2.3163118596396886,7.68461898283664
404,692.256457987882,0.0,0.0,3.2127200026484597,2.3163118596396886,7.68461898283664
405,692.2572029864401,0.0,0.0,3.204057660063466,2.3163118596396886,7.68461898283664
406,692.2586929835564,0.0,0.0,3.209025954047825,2.3163118596396886,7.68461898283664
407,692.2616729777891,0.0,0.0,3.1944210497466314,2.3163118596396886,7.68461898283664
408,692.2643470051651,0.0,0.0,3.1900424031180816,2.3163118596396886,7.68461898283664
409,692.267021032541,0.0,0.0,3.2054022461486835,2.3163118596396886,7.68461898283664
410,692.269695059917,0.0,0.0,3.1921738105391304,2.3163118596396886,7.68461898283664
411,692.272369087293,0.0,0.0,3.220714641903888,2.3163118596396886,7.68461898283664
412,692.2777171420448,0.0,0.0,3.2010506601518567,2.3163118596396886,7.68461898283664
413,692.2830651967967,0.0,0.0,3.213027651055974,2.3163118596396886,7.68461898283664
414,692.2884132515485,0.0,0.0,3.22417326495999,2.3163118596396886,7.68461898283664
415,692.2889536306199,0.0,0.0,3.2155240126904046,2.3163118596396886,7.68461898283664
416,692.2900343887625,0.0,0.0,3.2220920021043846,2.3163118596396886,7.68461898283664
417,692.2911151469051,0.0,0.0,3.2111250824014883,2.3163118596396886,7.68461898283664
418,692.291694419942,0.0,0.0,3.2073562956506008,2.3163118596396886,7.68461898283664
419,692.2928529660159,0.0,0.0,3.204250932826329,2.3163118596396886,7.68461898283664
420,692.2938956574823,0.0,0.0,3.2259325708412265,2.3163118596396886,7.68461898283664
421,692.2949383489487,0.0,0.0,3.206129692075092,2.3163118596396886,7.68461898283664
422,692.2959810404151,0.0,0.0,3.196026021150352,2.3163118596396886,7.68461898283664
423,692.2980664233479,0.0,0.0,3.2135273156723434,2.3163118596396886,7.68461898283664
424,692.3001518062807,0.0,0.0,3.201694685897306,2.3163118596396886,7.68461898283664
425,692.3022371892135,0.0,0.0,3.233637953116566,2.3163118596396886,7.68461898283664
426,692.3064079550792,0.0,0.0,3.208576314663999,2.3163118596396886,7.68461898283664
427,692.3097821274894,0.0,0.0,3.225495312861446,2.3163118596396886,7.68461898283664
428,692.3131562998996,0.0,0.0,3.2352358875607266,2.3163118596396886,7.68461898283664
429,692.3165304723098,0.0,0.0,3.2357030202193835,2.3163118596396886,7.68461898283664
430,692.3199046447199,0.0,0.0,3.2277109535422692,2.3163118596396886,7.68461898283664
431,692.3232788171301,0.0,0.0,3.236602808748211,2.3163118596396886,7.68461898283664
432,692.3300271619504,0.0,0.0,3.2330452162927825,2.3163118596396886,7.68461898283664
433,692.3320819188415,0.0,0.0,3.2385107122860313,2.3163118596396886,7.68461898283664
434,692.3333864692654,0.0,0.0,3.239596696310494,2.3163118596396886,7.68461898283664
435,692.3340397126759,0.0,0.0,3.2258727979270128,2.3163118596396886,7.68461898283664
436,692.3346276317454,0.0,0.0,3.231786568597634,2.3163118596396886,7.68461898283664
437,692.3358034698845,0.0,0.0,3.230153284134063,2.3163118596396886,7.68461898283664
438,692.3369793080235,0.0,0.0,3.2299831339830107,2.3163118596396886,7.68461898283664
439,692.3381551461625,0.0,0.0,3.2205749987942194,2.3163118596396886,7.68461898283664
440,692.3405068224405,0.0,0.0,3.2449475535402716,2.3163118596396886,7.68461898283664
441,692.3428584987184,0.0,0.0,3.230096903781146,2.3163118596396886,7.68461898283664
442,692.3452101749964,0.0,0.0,3.228398246672649,2.3163118596396886,7.68461898283664
443,692.348370391709,0.0,0.0,3.2368863213800947,2.3163118596396886,7.68461898283664
444,692.3515306084215,0.0,0.0,3.225739069648049,2.3163118596396886,7.68461898283664
445,692.3546908251341,0.0,0.0,3.2289971069980066,2.3163118596396886,7.68461898283664
446,692.3578510418466,0.0,0.0,3.229313811022097,2.3163118596396886,7.68461898283664
447,692.3641714752719,0.0,0.0,3.254527812204775,2.3163118596396886,7.68461898283664
448,692.3704919086971,0.0,0.0,3.226027085384915,2.3163118596396886,7.68461898283664
449,692.3768123421223,0.0,0.0,3.2372529077957055,2.3163118596396886,7.68461898283664
450,692.3831327755476,0.0,0.0,3.2436090261724986,2.3163118596396886,7.68461898283664
451,692.3838498815726,0.0,0.0,3.2296253437416227,2.3163118596396886,7.68461898283664
452,692.3852840936227,0.0,0.0,3.2436818374710157,2.3163118596396886,7.68461898283664
453,692.3862605880827,0.0,0.0,3.236949467677913,2.3163118596396886,7.68461898283664
454,692.3868650831677,0.0,0.0,3.2495706268153466,2.3163118596396886,7.68461898283664
455,692.3880740733375,0.0,0.0,3.2277507111166597,2.3163118596396886,7.68461898283664
456,692.3891621644905,0.0,0.0,3.25227542944397,2.3163118596396886,7.68461898283664
457,692.3902502556434,0.0,0.0,3.2365588177299505,2.3163118596396886,7.68461898283664
458,692.3913383467964,0.0,0.0,3.238520765988836,2.3163118596396886,7.68461898283664
459,692.3935145291022,0.0,0.0,3.234934486068356,2.3163118596396886,7.68461898283664
460,692.395690711408,0.0,0.0,3.245466109851315,2.3163118596396886,7.68461898283664
461,692.3978668937137,0.0,0.0,3.247144452658039,2.3163118596396886,7.68461898283664
462,692.4022192583254,0.0,0.0,3.231942250081886,2.3163118596396886,7.68461898283664
463,692.406136386476,0.0,0.0,3.267955161660569,2.3163118596396886,7.68461898283664
464,692.4100535146265,0.0,0.0,3.246526946930003,2.3163118596396886,7.68461898283664
465,692.413970642777,0.0,0.0,3.229535521641299,2.3163118596396886,7.68461898283664
466,692.4178877709276,0.0,0.0,3.2427047840807153,2.3163118596396886,7.68461898283664
467,692.4218048990781,0.0,0.0,3.2483025377439136,2.3163118596396886,7.68461898283664
468,692.4296391553792,0.0,0.0,3.256321477504219,2.3163118596396886,7.68461898283664
469,692.4374734116802,0.0,0.0,3.2533095520463147,2.3163118596396886,7.68461898283664
470,692.4453076679813,0.0,0.0,3.2653043173743135,2.3163118596396886,7.68461898283664
471,692.4461988712126,0.0,0.0,3.277854018135012,2.3163118596396886,7.68461898283664
472,692.4479812776751,0.0,0.0,3.2355251716627795,2.3163118596396886,7.68461898283664
473,692.449020888106,0.0,0.0,3.2630968195042422,2.3163118596396886,7.68461898283664
474,692.4500604985369,0.0,0.0,3.2595535560341187,2.3163118596396886,7.68461898283664
475,692.4511001089678,0.0,0.0,3.2562462892583794,2.3163118596396886,7.68461898283664
476,692.4531793298296,0.0,0.0,3.2468141951353084,2.3163118596396886,7.68461898283664
477,692.4573377715532,0.0,0.0,3.254878771726312,2.3163118596396886,7.68461898283664
478,692.4614962132767,0.0,0.0,3.252193063643091,2.3163118596396886,7.68461898283664
479,692.4656546550003,0.0,0.0,3.2465523736159647,2.3163118596396886,7.68461898283664
480,692.4698130967239,0.0,0.0,3.243147417464509,2.3163118596396886,7.68461898283664
481,692.4739715384475,0.0,0.0,3.279651291926373,2.3163118596396886,7.68461898283664
482,692.478129980171,0.0,0.0,3.2584908291028936,2.3163118596396886,7.68461898283664
483,692.4864468636181,0.0,0.0,3.2545811546499266,2.3163118596396886,7.68461898283664
484,692.4947637470651,0.0,0.0,3.265893596039683,2.3163118596396886,7.68461898283664
485,692.5030806305122,0.0,0.0,3.251325196871746,2.3163118596396886,7.68461898283664
486,692.5113975139592,0.0,0.0,3.270967828761916,2.3163118596396886,7.68461898283664
487,692.5197143974062,0.0,0.0,3.2695484926110407,2.3163118596396886,7.68461898283664
488,692.5199746843439,0.0,0.0,3.2685196411303488,2.3163118596396886,7.68461898283664
489,692.5204952582192,0.0,0.0,3.273365916032898,2.3163118596396886,7.68461898283664
490,692.5209040392325,0.0,0.0,3.2571027383003566,2.3163118596396886,7.68461898283664
491,692.5217216012592,0.0,0.0,3.2727240295001634,2.3163118596396886,7.68461898283664
492,692.5233567253125,0.0,0.0,3.295593402766146,2.3163118596396886,7.68461898283664
493,692.5249918493658,0.0,0.0,3.263600654379858,2.3163118596396886,7.68461898283664
494,692.5266269734192,0.0,0.0,3.283357254343302,2.3163118596396886,7.68461898283664
495,692.5298972215259,0.0,0.0,3.282415917993104,2.3163118596396886,7.68461898283664
496,692.5331674696325,0.0,0.0,3.2687723010522145,2.3163118596396886,7.68461898283664
497,692.5364377177392,0.0,0.0,3.267516931979377,2.3163118596396886,7.68461898283664
498,692.5429782139524,0.0,0.0,3.287594818963181,2.3163118596396886,7.68461898283664
499,692.5495187101657,0.0,0.0,3.2720005832327406,2.3163118596396886,7.68461898283664
500,692.5560592063789,0.0,0.0,3.272818007958459,2.3163118596396886,7.68461898283664
501,692.5625997025921,0.0,0.0,3.2780883874411426,2.3163118596396886,7.68461898283664
502,692.5691401988054,0.0,0.0,3.278023517509299,2.3163118596396886,7.68461898283664
503,692.582221191232,0.0,0.0,3.281202031595336,2.3163118596396886,7.68461898283664
504,692.5953021836585,0.0,0.0,3.276796597737894,2.3163118596396886,7.68461898283664
505,692.6070750768424,0.0,0.0,3.293246823909534,2.3163118596396886,7.68461898283664
506,692.6121267846547,0.0,0.0,3.2728923468207785,2.3163118596396886,7.68461898283664
507,692.6166733216858,0.0,0.0,3.25895332231342,2.3163118596396886,7.68461898283664
508,692.6212198587168,0.0,0.0,3.2927973119630183,2.3163118596396886,7.68461898283664
509,692.6257663957479,0.0,0.0,3.281265323248344,2.3163118596396886,7.68461898283664
510,692.6303129327789,0.0,0.0,3.2797100982306713,2.3163118596396886,7.68461898283664
511,692.63485946981,0.0,0.0,3.304241585771725,2.3163118596396886,7.68461898283664
512,692.639406006841,0.0,0.0,3.279125564485143,2.3163118596396886,7.68461898283664
513,692.6484990809031,0.0,0.0,3.293074266226436,2.3163118596396886,7.68461898283664
514,692.6575921549652,0.0,0.0,3.2880881317011603,2.3163118596396886,7.68461898283664
515,692.6666852290273,0.0,0.0,3.290890539855864,2.3163118596396886,7.68461898283664
516,692.6757783030894,0.0,0.0,3.29598670831961,2.3163118596396886,7.68461898283664
517,692.6848713771515,0.0,0.0,3.2877838413131224,2.3163118596396886,7.68461898283664
518,692.6947534494726,0.0,0.0,3.2864958833794855,2.3163118596396886,7.68461898283664
519,692.7036473145616,0.0,0.0,3.2867522486311387,2.3163118596396886,7.68461898283664
520,692.708162253771,0.0,0.0,3.285620733697641,2.3163118596396886,7.68461898283664
521,692.7122192986637,0.0,0.0,3.303698583135621,2.3163118596396886,7.68461898283664
522,692.7162763435565,0.0,0.0,3.293500936126651,2.3163118596396886,7.68461898283664
523,692.7203333884493,0.0,0.0,3.3018751953557604,2.3163118596396886,7.68461898283664
524,692.7284474782348,0.0,0.0,3.3014552590418296,2.3163118596396886,7.68461898283664
525,692.7446756578058,0.0,0.0,3.293104722451019,2.3163118596396886,7.68461898283664
526,692.757523342931,0.0,0.0,3.2865603711105487,2.3163118596396886,7.68461898283664
527,692.7703710280562,0.0,0.0,3.3170806160926367,2.3163118596396886,7.68461898283664
528,692.7832187131813,0.0,0.0,3.2936895569316826,2.3163118596396886,7.68461898283664
529,692.7960663983065,0.0,0.0,3.3083235757793936,2.3163118596396886,7.68461898283664
530,692.8089140834317,0.0,0.0,3.3106932480670785,2.3163118596396886,7.68461898283664
531,692.8217617685568,0.0,0.0,3.3060342703402528,2.3163118596396886,7.68461898283664
532,692.834609453682,0.0,0.0,3.300821322823534,2.3163118596396886,7.68461898283664
533,692.8474571388072,0.0,0.0,3.3050090272843966,2.3163118596396886,7.68461898283664
534,692.8731525090576,0.0,0.0,3.304308458049557,2.3163118596396886,7.68461898283664
535,692.898847879308,0.0,0.0,3.31389888553889,2.3163118596396886,7.68461898283664
536,692.9245432495585,0.0,0.0,3.313928045571712,2.3163118596396886,7.68461898283664
537,692.9759339900593,0.0,0.0,3.3244667372944496,2.3163118596396886,7.68461898283664
538,693.02732473056,0.0,0.0,3.3259335908155245,2.3163118596396886,7.68461898283664
539,693.0787154710608,0.0,0.0,3.3305576880077132,2.3163118596396886,7.68461898283664
540,693.1301062115616,0.0,0.0,3.3319782268155302,2.3163118596396886,7.68461898283664
541,693.1814969520624,0.0,0.0,3.3423015562569818,2.3163118596396886,7.68461898283664
542,693.2328876925632,0.0,0.0,3.336437173877836,2.3163118596396886,7.68461898283664
543,693.284278433064,0.0,0.0,3.314360082187638,2.3163118596396886,7.68461898283664
544,693.3356691735647,0.0,0.0,3.346671172612942,2.3163118596396886,7.68461898283664
545,693.3870599140655,0.0,0.0,3.3409388911703557,2.3163118596396886,7.68461898283664
546,693.4384506545663,0.0,0.0,3.3544658733530914,2.3163118596396886,7.68461898283664
547,693.4898413950671,0.0,0.0,3.3325687613429826,2.3163118596396886,7.68461898283664
548,693.5412321355678,0.0,0.0,3.361513954287066,2.3163118596396886,7.68461898283664
549,693.5874838020186,0.0,0.0,3.364034702304085,2.3163118596396886,7.68461898283664
550,693.6337354684694,0.0,0.0,3.351244758427271,2.3163118596396886,7.68461898283664
551,693.6799871349201,0.0,0.0,3.3632188278172714,2.3163118596396886,7.68461898283664
552,693.7262388013709,0.0,0.0,3.3501684400879173,2.3163118596396886,7.68461898283664
553,693.8187421342724,0.0,0.0,3.361624619226053,2.3163118596396886,7.68461898283664
554,693.9112454671739,0.0,0.0,3.351189726879994,2.3163118596396886,7.68461898283664
555,694.0037488000754,0.0,0.0,3.3592889433106183,2.3163118596396886,7.68461898283664
556,694.0962521329769,0.0,0.0,3.390685203457535,2.3163118596396886,7.68461898283664
557,694.1887554658784,0.0,0.0,3.3631441864455827,2.3163118596396886,7.68461898283664
558,694.2709876695702,0.0,0.0,3.38446359190809,2.3163118596396886,7.68461898283664
559,694.353219873262,0.0,0.0,3.3684848237466003,2.3163118596396886,7.68461898283664
560,694.4354520769538,0.0,0.0,3.3770527320239525,2.3163118596396886,7.68461898283664
561,694.5999164843374,0.0,0.0,3.3657066037572947,2.3163118596396886,7.68461898283664
562,694.7643808917211,0.0,0.0,3.381406984054232,2.3163118596396886,7.68461898283664
563,694.9288452991048,0.0,0.0,3.3825599893011025,2.3163118596396886,7.68461898283664
564,695.0933097064884,0.0,0.0,3.4030516227504695,2.3163118596396886,7.68461898283664
565,695.2577741138721,0.0,0.0,3.3828527139635223,2.3163118596396886,7.68461898283664
566,695.3999757006146,0.0,0.0,3.3924023656409217,2.3163118596396886,7.68461898283664
567,695.5279571286829,0.0,0.0,3.378586583575758,2.3163118596396886,7.68461898283664
568,695.6559385567513,0.0,0.0,3.3970490675489953,2.3163118596396886,7.68461898283664
569,695.7839199848196,0.0,0.0,3.3994243892827574,2.3163118596396886,7.68461898283664
570,696.0398828409562,0.0,0.0,3.404338600163995,2.3163118596396886,7.68461898283664
571,696.2958456970929,0.0,0.0,3.385087976305608,2.3163118596396886,7.68461898283664
572,696.5518085532295,0.0,0.0,3.403213978185748,2.3163118596396886,7.68461898283664
573,696.8077714093662,0.0,0.0,3.4168923234531063,2.3163118596396886,7.68461898283664
574,697.0637342655028,0.0,0.0,3.40763711661105,2.3163118596396886,7.68461898283664
575,697.3196971216395,0.0,0.0,3.417626986589624,2.3163118596396886,7.68461898283664
576,697.5756599777761,0.0,0.0,3.4361079795226948,2.3163118596396886,7.68461898283664
577,698.0875856900494,0.0,0.0,3.4266595441770358,2.3163118596396886,7.68461898283664
578,698.5995114023227,0.0,0.0,3.4203764407445783,2.3163118596396886,7.68461898283664
579,699.111437114596,0.0,0.0,3.413278439942728,2.3163118596396886,7.68461898283664
580,699.6233628268693,0.0,0.0,3.4446320066961844,2.3163118596396886,7.68461898283664
581,700.647214251416,0.0,0.0,3.451057180646047,2.3163118596396886,7.68461898283664
582,701.6710656759627,0.0,0.0,3.455274927066049,2.3163118596396886,7.68461898283664
583,702.6949171005094,0.0,0.0,3.4711670642196673,2.3163118596396886,7.68461898283664
584,703.7187685250561,0.0,0.0,3.4602245979487227,2.3163118596396886,7.68461898283664
585,704.3701556884685,0.0,0.0,3.4705255136366002,2.3163118596396886,7.68461898283664
586,705.0215428518808,0.0,0.0,3.4686061658975818,2.3163118596396886,7.68461898283664
587,705.6729300152931,0.0,0.0,3.501698572652966,2.3163118596396886,7.68461898283664
588,706.3243171787054,0.0,0.0,3.4729284827824296,2.3163118596396886,7.68461898283664
589,706.9757043421178,0.0,0.0,3.485559192730113,2.3163118596396886,7.68461898283664
590,707.6270915055301,0.0,0.0,3.482806967538435,2.3163118596396886,7.68461898283664
591,708.2784786689424,0.0,0.0,3.4856643983918962,2.3163118596396886,7.68461898283664
592,709.5812529957669,0.0,0.0,3.494888819428145,2.3163118596396886,7.68461898283664
593,710.8840273225915,0.0,0.0,3.505101009330735,2.3163118596396886,7.68461898283664
594,712.186801649416,0.0,0.0,3.5086810304052642,2.3163118596396886,7.68461898283664
595,713.4895759762405,0.0,0.0,3.4996880539179758,2.3163118596396886,7.68461898283664
596,714.7923503030651,0.0,0.0,3.50534866402378,2.3163118596396886,7.68461898283664
597,716.0951246298896,0.0,0.0,3.52737168473704,2.3163118596396886,7.68461898283664
598,717.3978989567141,0.0,0.0,3.507986470823358,2.3163118596396886,7.68461898283664
599,718.7006732835387,0.0,0.0,3.5420741596764773,2.3163118596396886,7.68461898283664
600,720.0034476103632,0.0,0.0,3.523798792886979,2.3163118596396886,7.68461898283664
601,721.3062219371877,0.0,0.0,3.520997693569761,2.3163118596396886,7.68461898283664
602,722.6089962640123,0.0,0.0,3.54224680595422,2.3163118596396886,7.68461898283664
603,723.9117705908368,0.0,0.0,3.5316189173927963,2.3163118596396886,7.68461898283664
604,725.2145449176613,0.0,0.0,3.5266037813828635,2.3163118596396886,7.68461898283664
605,726.5173192444859,0.0,0.0,3.5267738063968523,2.3163118596396886,7.68461898283664
606,727.8200935713104,0.0,0.0,3.5269804274530094,2.3163118596396886,7.68461898283664
607,729.1228678981349,0.0,0.0,3.547312897948702,2.3163118596396886,7.68461898283664
608,730.4256422249595,0.0,0.0,3.5542260938363546,2.3163118596396886,7.68461898283664
609,731.728416551784,0.0,0.0,3.5334364126056776,2.3163118596396886,7.68461898283664
610,734.3339652054332,0.0,0.0,3.528171843107723,2.3163118596396886,7.68461898283664
611,736.9395138590824,0.0,0.0,3.550227275052424,2.3163118596396886,7.68461898283664
612,739.5450625127315,0.0,0.0,3.5591744866584882,2.3163118596396886,7.68461898283664
613,742.1506111663807,0.0,0.0,3.557944006388934,2.3163118596396886,7.68461898283664
614,744.7561598200299,0.0,0.0,3.5494159566901406,2.3163118596396886,7.68461898283664
615,747.3617084736791,0.0,0.0,3.5533064228696505,2.3163118596396886,7.68461898283664
616,752.5728057809773,0.0,0.0,3.5699639261684184,2.3163118596396886,7.68461898283664
617,757.193361966217,0.0,0.0,3.570231609705034,2.3163118596396886,7.68461898283664
618,761.8139181514567,0.0,0.0,3.5749574045209096,2.3163118596396886,7.68461898283664
619,766.4344743366964,0.0,0.0,3.5685193221212974,2.3163118596396886,7.68461898283664
620,771.0550305219361,0.0,0.0,3.579943098369357,2.3163118596396886,7.68461898283664
621,775.6755867071759,0.0,0.0,3.5954421742460263,2.3163118596396886,7.68461898283664
622,780.2961428924156,0.0,0.0,3.620863073638995,2.3163118596396886,7.68461898283664
623,784.9166990776553,0.0,0.0,3.5909537175621025,2.3163118596396886,7.68461898283664
624,789.537255262895,0.0,0.0,3.595778792756912,2.3163118596396886,7.68461898283664
625,793.6957558296107,0.0,0.0,3.6115001249851795,2.3163118596396886,7.68461898283664
626,797.8542563963264,0.0,0.0,3.6043329387501797,2.3163118596396886,7.68461898283664
627,802.0127569630421,0.0,0.0,3.6072448923219036,2.3163118596396886,7.68461898283664
628,806.1712575297578,0.0,0.0,3.607287448573882,2.3163118596396886,7.68461898283664
629,810.3297580964735,0.0,0.0,3.6151931481750665,2.3163118596396886,7.68461898283664
630,814.4882586631892,0.0,0.0,3.6105603377101794,2.3163118596396886,7.68461898283664
631,818.6467592299049,0.0,0.0,3.626257333147858,2.3163118596396886,7.68461898283664
632,822.8052597966206,0.0,0.0,3.609132442904192,2.3163118596396886,7.68461898283664
633,826.9637603633363,0.0,0.0,3.620506041966312,2.3163118596396886,7.68461898283664
634,831.122260930052,0.0,0.0,3.620649053199358,2.3163118596396886,7.68461898283664
635,839.4392620634834,0.0,0.0,3.621191281841379,2.3163118596396886,7.68461898283664
636,847.7562631969148,0.0,0.0,3.6302465586050228,2.3163118596396886,7.68461898283664
637,856.0732643303462,0.0,0.0,3.6212366248302046,2.3163118596396886,7.68461898283664
638,864.3902654637776,0.0,0.0,3.6266494235537756,2.3163118596396886,7.68461898283664
639,872.707266597209,0.0,0.0,3.6418974833147013,2.3163118596396886,7.68461898283664
640,881.0242677306404,0.0,0.0,3.6154755787144452,2.3163118596396886,7.68461898283664
641,889.3412688640718,0.0,0.0,3.6396333133116405,2.3163118596396886,7.68461898283664
642,905.9752711309346,0.0,0.0,3.64370554678875,2.3163118596396886,7.68461898283664
643,922.6092733977974,0.0,0.0,3.6357956611462585,2.3163118596396886,7.68461898283664
644,939.2432756646602,0.0,0.0,3.6614997199274724,2.3163118596396886,7.68461898283664
645,955.877277931523,0.0,0.0,3.6515428079463907,2.3163118596396886,7.68461898283664
646,972.5112801983859,0.0,0.0,3.6515838218654473,2.3163118596396886,7.68461898283664
647,989.1452824652487,0.0,0.0,3.663375742367281,2.3163118596396886,7.68461898283664
648,992.190261590803,0.0,0.0,3.633865605846302,2.3163118596396886,7.68461898283664
